predictor,rn,1,2,3,4,5,6,7,8,9,10
returns_1,Annualized Return,0.5397,0.1436,0.1269,0.118,0.1192,0.0911,0.1075,0.0762,0.06,0.0534
returns_1,Annualized Std Dev,0.8193,0.2337,0.208,0.1888,0.191,0.1798,0.1823,0.1917,0.2201,0.3406
returns_1,Annualized Sharpe (Rf=0%),0.6587,0.6146,0.61,0.6252,0.624,0.5068,0.5897,0.3972,0.2724,0.1569
returns_2,Annualized Return,0.4222,0.1337,0.1199,0.1487,0.171,0.1057,0.0986,0.0686,0.0592,0.0758
returns_2,Annualized Std Dev,0.551,0.2391,0.2122,0.1926,0.6831,0.1807,0.1892,0.1938,0.2135,0.2989
returns_2,Annualized Sharpe (Rf=0%),0.7663,0.5592,0.5653,0.772,0.2503,0.5846,0.521,0.3538,0.277,0.2537
returns_3,Annualized Return,0.5048,0.1587,0.1291,0.1194,0.0979,0.1014,0.0838,0.0803,0.0521,0.089
returns_3,Annualized Std Dev,0.8571,0.2547,0.2114,0.1983,0.1852,0.1743,0.184,0.1958,0.2043,0.2957
returns_3,Annualized Sharpe (Rf=0%),0.589,0.6232,0.6108,0.6022,0.5284,0.5814,0.4555,0.4098,0.2553,0.3011
returns_4,Annualized Return,0.505,0.1335,0.1216,0.1249,0.1134,0.0848,0.0874,0.0561,0.0827,0.1093
returns_4,Annualized Std Dev,0.8473,0.2495,0.2203,0.1999,0.1827,0.178,0.1788,0.1837,0.2151,0.2982
returns_4,Annualized Sharpe (Rf=0%),0.596,0.5349,0.552,0.6248,0.6209,0.4763,0.4889,0.3054,0.3845,0.3663
returns_5,Annualized Return,0.4598,0.1288,0.1144,0.1176,0.1076,0.1004,0.0847,0.0878,0.0823,0.122
returns_5,Annualized Std Dev,0.8478,0.2543,0.216,0.1933,0.1878,0.1742,0.1752,0.1886,0.2152,0.3
returns_5,Annualized Sharpe (Rf=0%),0.5424,0.5065,0.5297,0.6084,0.5729,0.5765,0.4835,0.4654,0.3824,0.4068
returns_10,Annualized Return,0.4667,0.1069,0.12,0.1207,0.1081,0.0967,0.113,0.0867,0.0801,0.1027
returns_10,Annualized Std Dev,0.8435,0.2598,0.2177,0.1934,0.1812,0.1784,0.1817,0.1898,0.2141,0.3185
returns_10,Annualized Sharpe (Rf=0%),0.5532,0.4114,0.5513,0.624,0.5968,0.542,0.6217,0.4566,0.3743,0.3225
returns_22,Annualized Return,0.4649,0.089,0.1104,0.1084,0.1205,0.1203,0.1119,0.0905,0.1123,0.0746
returns_22,Annualized Std Dev,0.8608,0.2653,0.2121,0.202,0.1835,0.182,0.1811,0.1787,0.2128,0.2587
returns_22,Annualized Sharpe (Rf=0%),0.5401,0.3356,0.5206,0.5364,0.6568,0.6613,0.6175,0.5064,0.5277,0.2884
returns_44,Annualized Return,0.4058,0.0835,0.091,0.1029,0.1003,0.1199,0.1073,0.112,0.128,0.1305
returns_44,Annualized Std Dev,0.8671,0.2675,0.2306,0.2044,0.1853,0.1794,0.1718,0.1699,0.2024,0.3055
returns_44,Annualized Sharpe (Rf=0%),0.468,0.3122,0.3944,0.5035,0.5412,0.6684,0.6247,0.6594,0.6323,0.4271
returns_66,Annualized Return,0.3784,0.1047,0.0857,0.0964,0.0988,0.1117,0.1181,0.1347,0.1279,0.1182
returns_66,Annualized Std Dev,0.8743,0.3138,0.2266,0.2022,0.1824,0.1768,0.1744,0.1817,0.1908,0.2455
returns_66,Annualized Sharpe (Rf=0%),0.4328,0.3338,0.3779,0.4768,0.5415,0.6315,0.6774,0.7413,0.67,0.4815
returns_88,Annualized Return,0.4037,0.0842,0.0815,0.082,0.1035,0.1131,0.1073,0.1483,0.1349,0.1195
returns_88,Annualized Std Dev,0.8811,0.2842,0.23,0.2022,0.181,0.1808,0.1728,0.1807,0.1872,0.2436
returns_88,Annualized Sharpe (Rf=0%),0.4582,0.2963,0.3544,0.4057,0.572,0.6255,0.6207,0.8207,0.7205,0.4908
returns_110,Annualized Return,0.4015,0.0703,0.0672,0.079,0.1103,0.0983,0.1214,0.1297,0.1462,0.1489
returns_110,Annualized Std Dev,0.898,0.2829,0.2392,0.2012,0.1854,0.1744,0.1694,0.17,0.1842,0.2395
returns_110,Annualized Sharpe (Rf=0%),0.4471,0.2486,0.281,0.3929,0.5951,0.5638,0.7167,0.763,0.7939,0.6219
returns_132,Annualized Return,0.4202,0.0525,0.0703,0.0884,0.1035,0.1174,0.1232,0.1228,0.1278,0.1452
returns_132,Annualized Std Dev,0.9096,0.2846,0.2341,0.2039,0.1846,0.1746,0.1673,0.1682,0.1856,0.2463
returns_132,Annualized Sharpe (Rf=0%),0.462,0.1843,0.3002,0.4338,0.5605,0.6722,0.7366,0.7299,0.6884,0.5894
returns_154,Annualized Return,0.4127,0.0595,0.0668,0.0863,0.0971,0.1019,0.1199,0.1313,0.1365,0.1573
returns_154,Annualized Std Dev,0.9073,0.2866,0.2338,0.2045,0.1885,0.1715,0.1678,0.1668,0.1784,0.2534
returns_154,Annualized Sharpe (Rf=0%),0.4549,0.2077,0.2858,0.422,0.5154,0.5942,0.7148,0.7871,0.7652,0.6209
returns_176,Annualized Return,0.4208,0.0335,0.075,0.085,0.1029,0.1096,0.1258,0.1321,0.1275,0.1601
returns_176,Annualized Std Dev,0.9065,0.2864,0.2371,0.2105,0.1845,0.1705,0.1635,0.1652,0.1787,0.2475
returns_176,Annualized Sharpe (Rf=0%),0.4642,0.1171,0.3162,0.4036,0.5577,0.6427,0.7696,0.7993,0.7134,0.6469
returns_198,Annualized Return,0.4116,0.0484,0.0808,0.0887,0.094,0.1115,0.1158,0.1172,0.1479,0.1506
returns_198,Annualized Std Dev,0.9102,0.2899,0.2467,0.2079,0.1834,0.1729,0.1616,0.1669,0.1736,0.2368
returns_198,Annualized Sharpe (Rf=0%),0.4522,0.167,0.3275,0.4269,0.5126,0.6449,0.7162,0.7018,0.8519,0.6358
returns_220,Annualized Return,0.4143,0.0485,0.0729,0.0797,0.0998,0.1064,0.1105,0.1338,0.145,0.154
returns_220,Annualized Std Dev,0.912,0.2905,0.2479,0.2092,0.1834,0.1721,0.1607,0.1623,0.1714,0.2441
returns_220,Annualized Sharpe (Rf=0%),0.4543,0.167,0.2942,0.381,0.5441,0.6183,0.6875,0.8246,0.8456,0.6309
returns_242,Annualized Return,0.414,0.0407,0.0906,0.0788,0.0912,0.1122,0.1169,0.1294,0.1443,0.1487
returns_242,Annualized Std Dev,0.9064,0.2929,0.2495,0.2066,0.1884,0.1692,0.1641,0.1622,0.1684,0.2398
returns_242,Annualized Sharpe (Rf=0%),0.4568,0.1389,0.363,0.3815,0.4838,0.6632,0.7124,0.7979,0.8571,0.6202
returns_264,Annualized Return,0.4179,0.0612,0.0834,0.0876,0.1086,0.1145,0.1051,0.1247,0.1265,0.138
returns_264,Annualized Std Dev,0.9061,0.2863,0.2444,0.2146,0.1874,0.1664,0.1646,0.1614,0.1682,0.2444
returns_264,Annualized Sharpe (Rf=0%),0.4612,0.2137,0.3413,0.4084,0.5794,0.6882,0.6388,0.773,0.752,0.5649
close_ath,Annualized Return,0.4617,0.1258,0.0618,0.0858,0.0858,0.0873,0.1159,0.1299,0.1294,0.1
close_ath,Annualized Std Dev,0.8661,0.318,0.2753,0.2696,0.231,0.205,0.183,0.1636,0.142,0.1151
close_ath,Annualized Sharpe (Rf=0%),0.5331,0.3956,0.2246,0.3181,0.3715,0.4258,0.6336,0.7938,0.9108,0.8685
min_ret,Annualized Return,0.4298,0.1328,0.0852,0.0988,0.118,0.1122,0.1193,0.1032,0.1013,0.0787
min_ret,Annualized Std Dev,0.8676,0.3708,0.2662,0.2374,0.2181,0.1937,0.1789,0.1596,0.1422,0.0952
min_ret,Annualized Sharpe (Rf=0%),0.4955,0.3581,0.3199,0.4162,0.5408,0.579,0.667,0.6468,0.7127,0.827
volume_1,Annualized Return,0.1998,0.1889,0.1417,0.1336,0.0978,0.118,0.1032,0.1058,0.1286,0.1844
volume_1,Annualized Std Dev,0.3399,0.6966,0.2982,0.2826,0.2069,0.2212,0.1964,0.2054,0.2068,0.301
volume_1,Annualized Sharpe (Rf=0%),0.588,0.2711,0.4752,0.4729,0.4728,0.5335,0.5253,0.5154,0.622,0.6125
volume_2,Annualized Return,0.256,0.1299,0.0938,0.1069,0.1185,0.1243,0.1305,0.1078,0.1386,0.1982
volume_2,Annualized Std Dev,0.743,0.2219,0.2114,0.207,0.2103,0.2142,0.2945,0.2049,0.2154,0.3334
volume_2,Annualized Sharpe (Rf=0%),0.3446,0.5856,0.4435,0.5163,0.5637,0.5804,0.443,0.5259,0.6432,0.5945
volume_3,Annualized Return,0.187,0.118,0.1116,0.1841,0.1111,0.1053,0.115,0.0959,0.1324,0.2403
volume_3,Annualized Std Dev,0.3326,0.2247,0.2225,0.6911,0.2817,0.2059,0.1988,0.2059,0.2051,0.3949
volume_3,Annualized Sharpe (Rf=0%),0.5622,0.5253,0.5013,0.2663,0.3944,0.5115,0.5784,0.4656,0.6455,0.6085
volume_4,Annualized Return,0.2476,0.0888,0.0981,0.0984,0.0951,0.1073,0.1113,0.121,0.156,0.2855
volume_4,Annualized Std Dev,0.7296,0.2248,0.2077,0.2078,0.2037,0.1999,0.206,0.2059,0.2854,0.4004
volume_4,Annualized Sharpe (Rf=0%),0.3394,0.3948,0.4722,0.4736,0.4671,0.5367,0.5404,0.5878,0.5466,0.7132
volume_5,Annualized Return,0.1565,0.1034,0.0944,0.12,0.1264,0.1062,0.0983,0.1148,0.1645,0.3246
volume_5,Annualized Std Dev,0.3407,0.2327,0.2126,0.2046,0.2794,0.2059,0.2033,0.2061,0.28,0.7297
volume_5,Annualized Sharpe (Rf=0%),0.4595,0.4442,0.4439,0.5867,0.4523,0.516,0.4838,0.5571,0.5875,0.4448
volume_10,Annualized Return,0.108,0.1046,0.0957,0.0918,0.1044,0.1158,0.2065,0.1461,0.1641,0.2639
volume_10,Annualized Std Dev,0.2373,0.2237,0.2137,0.2004,0.2092,0.2041,0.7243,0.2821,0.2584,0.3873
volume_10,Annualized Sharpe (Rf=0%),0.4552,0.4676,0.448,0.4578,0.499,0.5674,0.2851,0.5179,0.6351,0.6813
volume_22,Annualized Return,0.0733,0.0998,0.1282,0.1434,0.0883,0.1111,0.1203,0.119,0.2324,0.2868
volume_22,Annualized Std Dev,0.2367,0.222,0.2893,0.2534,0.2028,0.1983,0.2152,0.2062,0.6935,0.4507
volume_22,Annualized Sharpe (Rf=0%),0.3095,0.4496,0.4432,0.5658,0.4353,0.5604,0.5591,0.577,0.3351,0.6364
volume_44,Annualized Return,0.0629,0.125,0.0994,0.0952,0.2089,0.119,0.1138,0.1305,0.1378,0.3087
volume_44,Annualized Std Dev,0.2524,0.318,0.217,0.2026,0.7146,0.2014,0.2002,0.2095,0.2129,0.4247
volume_44,Annualized Sharpe (Rf=0%),0.2493,0.3932,0.4581,0.4697,0.2924,0.5908,0.5684,0.6231,0.6473,0.7267
volume_66,Annualized Return,0.073,0.1169,0.0992,0.0954,0.1064,0.1175,0.1337,0.1401,0.2457,0.2737
volume_66,Annualized Std Dev,0.2542,0.2334,0.2088,0.2024,0.1996,0.2808,0.298,0.2048,0.6955,0.413
volume_66,Annualized Sharpe (Rf=0%),0.2872,0.5008,0.475,0.4713,0.5331,0.4186,0.4485,0.6839,0.3532,0.6628
volume_88,Annualized Return,0.0739,0.1304,0.1803,0.1186,0.1134,0.1086,0.1212,0.1287,0.1294,0.2989
volume_88,Annualized Std Dev,0.2607,0.3194,0.6932,0.2112,0.2405,0.1941,0.2008,0.1995,0.2173,0.4202
volume_88,Annualized Sharpe (Rf=0%),0.2834,0.4083,0.2601,0.5615,0.4716,0.5594,0.6037,0.6452,0.5957,0.7113
volume_110,Annualized Return,0.1132,0.0906,0.1156,0.1102,0.1371,0.1189,0.1368,0.1439,0.1745,0.2548
volume_110,Annualized Std Dev,0.6972,0.2242,0.311,0.2097,0.2083,0.1954,0.201,0.2419,0.2857,0.3872
volume_110,Annualized Sharpe (Rf=0%),0.1624,0.404,0.3716,0.5253,0.6583,0.6083,0.6803,0.5948,0.6108,0.6581
volume_132,Annualized Return,0.1036,0.0816,0.0954,0.1841,0.1032,0.1125,0.1198,0.1757,0.1593,0.2619
volume_132,Annualized Std Dev,0.3671,0.2221,0.2179,0.6843,0.2044,0.1988,0.1978,0.2881,0.224,0.3847
volume_132,Annualized Sharpe (Rf=0%),0.2821,0.3674,0.4379,0.269,0.5047,0.5659,0.6059,0.61,0.7111,0.6806
volume_154,Annualized Return,0.0964,0.0899,0.1886,0.1093,0.1197,0.1523,0.1169,0.1108,0.1372,0.2725
volume_154,Annualized Std Dev,0.3026,0.2177,0.7165,0.2047,0.2001,0.3008,0.2009,0.2023,0.2158,0.3987
volume_154,Annualized Sharpe (Rf=0%),0.3187,0.4129,0.2632,0.534,0.5981,0.5063,0.5818,0.5477,0.6357,0.6836
volume_176,Annualized Return,0.0812,0.2066,0.0962,0.0917,0.0956,0.1169,0.1349,0.1649,0.1685,0.2392
volume_176,Annualized Std Dev,0.2633,0.7259,0.2173,0.208,0.1928,0.1957,0.2073,0.2841,0.2376,0.4001
volume_176,Annualized Sharpe (Rf=0%),0.3085,0.2847,0.4426,0.4411,0.4958,0.5971,0.6507,0.5805,0.7092,0.598
volume_198,Annualized Return,0.1455,0.0877,0.0959,0.1207,0.1112,0.114,0.1398,0.1216,0.1494,0.311
volume_198,Annualized Std Dev,0.7308,0.2302,0.2078,0.2011,0.2012,0.1974,0.2816,0.2063,0.2204,0.4185
volume_198,Annualized Sharpe (Rf=0%),0.1991,0.3811,0.4613,0.6005,0.5528,0.5776,0.4965,0.5893,0.6776,0.7432
volume_220,Annualized Return,0.0537,0.1514,0.1221,0.1835,0.1097,0.1349,0.1136,0.1319,0.135,0.2598
volume_220,Annualized Std Dev,0.2624,0.3742,0.2187,0.6852,0.1999,0.2374,0.2013,0.2033,0.2207,0.3864
volume_220,Annualized Sharpe (Rf=0%),0.2048,0.4045,0.5583,0.2679,0.5487,0.5682,0.5642,0.6489,0.6119,0.6724
volume_242,Annualized Return,0.1134,0.1693,0.134,0.1034,0.1033,0.1545,0.1214,0.1234,0.1335,0.2345
volume_242,Annualized Std Dev,0.3538,0.6924,0.2581,0.206,0.1943,0.2761,0.196,0.2068,0.208,0.3827
volume_242,Annualized Sharpe (Rf=0%),0.3204,0.2445,0.5192,0.5022,0.5317,0.5597,0.6193,0.5966,0.642,0.6127
volume_264,Annualized Return,0.1084,0.137,0.1674,0.1003,0.1324,0.1493,0.1275,0.1224,0.1484,0.1914
volume_264,Annualized Std Dev,0.3066,0.3272,0.6926,0.2005,0.2032,0.2743,0.2073,0.2014,0.217,0.3815
volume_264,Annualized Sharpe (Rf=0%),0.3536,0.4187,0.2417,0.5002,0.6516,0.5442,0.6149,0.6079,0.6838,0.5018
pretty_1,Annualized Return,0.2207,0.1517,0.1298,0.1147,0.12,0.142,0.1089,0.1028,0.1527,0.1608
pretty_1,Annualized Std Dev,0.7144,0.2864,0.2139,0.2277,0.2178,0.2491,0.2144,0.2191,0.3085,0.2669
pretty_1,Annualized Sharpe (Rf=0%),0.309,0.5296,0.6067,0.5037,0.5511,0.5703,0.508,0.4693,0.495,0.6024
pretty_2,Annualized Return,0.1383,0.1277,0.1199,0.2409,0.1357,0.1491,0.1338,0.1221,0.112,0.1252
pretty_2,Annualized Std Dev,0.2832,0.2177,0.2172,0.7293,0.2167,0.3292,0.2452,0.2186,0.2274,0.2139
pretty_2,Annualized Sharpe (Rf=0%),0.4886,0.5864,0.5517,0.3304,0.626,0.453,0.5459,0.5587,0.4924,0.5851
sd_5,Annualized Return,0.089,0.1049,0.1012,0.1223,0.1074,0.096,0.1082,0.1112,0.1344,0.4088
sd_5,Annualized Std Dev,0.1132,0.1529,0.1664,0.1902,0.1957,0.2123,0.2346,0.2668,0.3586,0.8569
sd_5,Annualized Sharpe (Rf=0%),0.7858,0.6856,0.6081,0.643,0.5489,0.4522,0.461,0.4168,0.3746,0.4771
sd_10,Annualized Return,0.0819,0.1117,0.1073,0.1121,0.1088,0.1112,0.0926,0.1034,0.1392,0.4046
sd_10,Annualized Std Dev,0.1018,0.1429,0.1613,0.1782,0.1981,0.2153,0.2336,0.2754,0.3683,0.8707
sd_10,Annualized Sharpe (Rf=0%),0.8045,0.7821,0.6654,0.6294,0.5493,0.5167,0.3966,0.3753,0.3779,0.4646
sd_22,Annualized Return,0.0792,0.1078,0.1108,0.1142,0.1136,0.1029,0.0954,0.1452,0.1034,0.3891
sd_22,Annualized Std Dev,0.0939,0.1371,0.1584,0.1737,0.1962,0.215,0.2373,0.3391,0.322,0.8766
sd_22,Annualized Sharpe (Rf=0%),0.8436,0.786,0.6992,0.6575,0.5792,0.4786,0.4021,0.4284,0.3211,0.4439
sd_66,Annualized Return,0.0766,0.1069,0.111,0.1101,0.1136,0.1192,0.0978,0.0995,0.105,0.4244
sd_66,Annualized Std Dev,0.0923,0.135,0.1535,0.1751,0.1914,0.2091,0.2435,0.2765,0.3382,0.8945
sd_66,Annualized Sharpe (Rf=0%),0.8298,0.7918,0.7234,0.6292,0.5939,0.5699,0.4015,0.3599,0.3104,0.4744
sd_132,Annualized Return,0.0781,0.1044,0.1076,0.1138,0.1177,0.1146,0.1021,0.0822,0.1041,0.4384
sd_132,Annualized Std Dev,0.0925,0.1346,0.1567,0.1741,0.1916,0.2058,0.2442,0.2732,0.3351,0.9029
sd_132,Annualized Sharpe (Rf=0%),0.8444,0.7759,0.687,0.6539,0.6141,0.557,0.4184,0.301,0.3106,0.4855
sd_264,Annualized Return,0.0785,0.1021,0.108,0.1131,0.1202,0.1094,0.1145,0.084,0.1189,0.4134
sd_264,Annualized Std Dev,0.0929,0.1341,0.1579,0.1761,0.1899,0.2064,0.2411,0.2716,0.4147,0.8566
sd_264,Annualized Sharpe (Rf=0%),0.8459,0.7614,0.6838,0.6424,0.6333,0.5303,0.4749,0.3093,0.2868,0.4826
sd_parkinson_5,Annualized Return,0.0738,0.1051,0.1077,0.1128,0.1181,0.1,0.0939,0.0719,0.1204,0.4774
sd_parkinson_5,Annualized Std Dev,0.0999,0.1353,0.1551,0.1713,0.1927,0.2103,0.2406,0.2748,0.3311,0.8936
sd_parkinson_5,Annualized Sharpe (Rf=0%),0.7387,0.7774,0.6947,0.6584,0.6129,0.4757,0.3905,0.2615,0.3637,0.5343
sd_parkinson_10,Annualized Return,0.073,0.1023,0.1111,0.1065,0.1172,0.1036,0.0889,0.096,0.1219,0.448
sd_parkinson_10,Annualized Std Dev,0.0972,0.135,0.1555,0.1713,0.1902,0.2066,0.2396,0.2731,0.342,0.8991
sd_parkinson_10,Annualized Sharpe (Rf=0%),0.7509,0.758,0.7144,0.6216,0.6163,0.5013,0.371,0.3516,0.3566,0.4983
sd_parkinson_22,Annualized Return,0.0743,0.0994,0.1157,0.11,0.1035,0.109,0.0885,0.1092,0.0956,0.4566
sd_parkinson_22,Annualized Std Dev,0.0961,0.1327,0.1545,0.172,0.1884,0.2075,0.2361,0.2763,0.3877,0.8946
sd_parkinson_22,Annualized Sharpe (Rf=0%),0.7737,0.7495,0.7489,0.6393,0.5494,0.5254,0.3748,0.3952,0.2465,0.5104
sd_parkinson_66,Annualized Return,0.074,0.1002,0.113,0.1045,0.1134,0.1067,0.114,0.0759,0.066,0.511
sd_parkinson_66,Annualized Std Dev,0.0957,0.1321,0.1551,0.1726,0.1833,0.2087,0.2388,0.2778,0.3299,0.9086
sd_parkinson_66,Annualized Sharpe (Rf=0%),0.7735,0.7587,0.7286,0.6054,0.6186,0.5112,0.4776,0.273,0.1999,0.5624
sd_parkinson_132,Annualized Return,0.0721,0.1014,0.1165,0.1028,0.1175,0.1048,0.1136,0.0654,0.0803,0.5031
sd_parkinson_132,Annualized Std Dev,0.0975,0.1334,0.1547,0.1754,0.183,0.2086,0.2341,0.2767,0.3401,0.9026
sd_parkinson_132,Annualized Sharpe (Rf=0%),0.7395,0.7598,0.7533,0.5863,0.642,0.5025,0.485,0.2364,0.2362,0.5574
sd_parkinson_264,Annualized Return,0.0734,0.1054,0.1114,0.1097,0.1129,0.1067,0.1054,0.0734,0.1104,0.4605
sd_parkinson_264,Annualized Std Dev,0.1004,0.1338,0.1547,0.1778,0.1864,0.2077,0.2349,0.2796,0.4463,0.8509
sd_parkinson_264,Annualized Sharpe (Rf=0%),0.7306,0.7877,0.7202,0.6173,0.6055,0.5139,0.4489,0.2627,0.2475,0.5412
sd_rogers.satchell_5,Annualized Return,0.073,0.0997,0.1095,0.1243,0.1124,0.1016,0.0916,0.0947,0.1327,0.4296
sd_rogers.satchell_5,Annualized Std Dev,0.0997,0.1371,0.1561,0.1732,0.1907,0.2139,0.2369,0.2753,0.383,0.8737
sd_rogers.satchell_5,Annualized Sharpe (Rf=0%),0.7318,0.7274,0.7014,0.7178,0.5896,0.4752,0.3866,0.3439,0.3466,0.4917
sd_rogers.satchell_10,Annualized Return,0.0741,0.0957,0.1071,0.1098,0.1014,0.1079,0.0995,0.1077,0.1278,0.4311
sd_rogers.satchell_10,Annualized Std Dev,0.0984,0.133,0.1529,0.1742,0.1891,0.2088,0.238,0.2821,0.3818,0.8852
sd_rogers.satchell_10,Annualized Sharpe (Rf=0%),0.7535,0.719,0.7002,0.6303,0.5363,0.5168,0.4179,0.3817,0.3347,0.487
sd_rogers.satchell_22,Annualized Return,0.0744,0.0994,0.1082,0.1144,0.0965,0.1054,0.1047,0.0986,0.082,0.4869
sd_rogers.satchell_22,Annualized Std Dev,0.0967,0.1323,0.1526,0.1753,0.1863,0.2103,0.2391,0.2773,0.3806,0.8928
sd_rogers.satchell_22,Annualized Sharpe (Rf=0%),0.7692,0.7508,0.7089,0.6526,0.5182,0.5011,0.438,0.3558,0.2153,0.5453
sd_rogers.satchell_66,Annualized Return,0.0746,0.0987,0.1103,0.1095,0.1102,0.1053,0.1012,0.0935,0.0557,0.5256
sd_rogers.satchell_66,Annualized Std Dev,0.0964,0.1317,0.154,0.1724,0.1837,0.2117,0.2392,0.2829,0.3301,0.9016
sd_rogers.satchell_66,Annualized Sharpe (Rf=0%),0.7737,0.75,0.7165,0.6349,0.5999,0.4973,0.4231,0.3305,0.1688,0.583
sd_rogers.satchell_132,Annualized Return,0.0743,0.1047,0.1115,0.1047,0.1063,0.1097,0.1121,0.0779,0.0848,0.4927
sd_rogers.satchell_132,Annualized Std Dev,0.0985,0.1332,0.1535,0.1756,0.1864,0.2083,0.2355,0.2824,0.3592,0.8791
sd_rogers.satchell_132,Annualized Sharpe (Rf=0%),0.7542,0.7861,0.7263,0.5966,0.57,0.527,0.4759,0.2758,0.2361,0.5605
sd_rogers.satchell_264,Annualized Return,0.0772,0.1054,0.1089,0.1053,0.1109,0.1096,0.1039,0.0817,0.1096,0.4595
sd_rogers.satchell_264,Annualized Std Dev,0.1011,0.1331,0.1551,0.1772,0.1862,0.2115,0.2349,0.2841,0.4398,0.8452
sd_rogers.satchell_264,Annualized Sharpe (Rf=0%),0.7641,0.7916,0.7019,0.5946,0.5956,0.518,0.4422,0.2875,0.2491,0.5437
sd_gk.yz_5,Annualized Return,0.0757,0.1023,0.1137,0.1136,0.1183,0.0964,0.0836,0.0865,0.1152,0.4739
sd_gk.yz_5,Annualized Std Dev,0.0982,0.1383,0.1568,0.1784,0.1923,0.2151,0.2397,0.2762,0.3751,0.8748
sd_gk.yz_5,Annualized Sharpe (Rf=0%),0.7713,0.7396,0.7251,0.6368,0.615,0.4482,0.3488,0.3134,0.307,0.5417
sd_gk.yz_10,Annualized Return,0.0751,0.1027,0.1111,0.1069,0.1132,0.1046,0.1013,0.0858,0.1135,0.4557
sd_gk.yz_10,Annualized Std Dev,0.0958,0.1364,0.1576,0.1779,0.1936,0.2086,0.2455,0.2754,0.3746,0.8831
sd_gk.yz_10,Annualized Sharpe (Rf=0%),0.7833,0.7527,0.7051,0.6008,0.5847,0.5014,0.4126,0.3117,0.3031,0.516
sd_gk.yz_22,Annualized Return,0.0753,0.1073,0.1085,0.105,0.1078,0.1123,0.0869,0.0948,0.0616,0.5279
sd_gk.yz_22,Annualized Std Dev,0.0946,0.1347,0.1581,0.1755,0.1915,0.2112,0.2441,0.2769,0.323,0.9023
sd_gk.yz_22,Annualized Sharpe (Rf=0%),0.7966,0.7963,0.6861,0.5986,0.5626,0.532,0.3561,0.3425,0.1907,0.5851
sd_gk.yz_66,Annualized Return,0.0782,0.103,0.1043,0.1104,0.1116,0.1039,0.1129,0.0827,0.0585,0.5191
sd_gk.yz_66,Annualized Std Dev,0.0939,0.1346,0.1565,0.1768,0.1865,0.214,0.2414,0.2802,0.3284,0.8982
sd_gk.yz_66,Annualized Sharpe (Rf=0%),0.8323,0.7647,0.6661,0.6243,0.5986,0.4854,0.4675,0.2953,0.1781,0.5779
sd_gk.yz_132,Annualized Return,0.0779,0.1011,0.1112,0.1074,0.1139,0.1056,0.1048,0.0782,0.077,0.5047
sd_gk.yz_132,Annualized Std Dev,0.0955,0.1363,0.1575,0.1758,0.1878,0.2142,0.2416,0.2757,0.354,0.8821
sd_gk.yz_132,Annualized Sharpe (Rf=0%),0.8157,0.7419,0.7061,0.6109,0.6063,0.493,0.4336,0.2836,0.2176,0.5721
sd_gk.yz_264,Annualized Return,0.0817,0.1034,0.1065,0.1132,0.1149,0.1095,0.1039,0.0725,0.0927,0.4775
sd_gk.yz_264,Annualized Std Dev,0.0975,0.136,0.1589,0.1795,0.1932,0.2086,0.2413,0.2768,0.4438,0.8444
sd_gk.yz_264,Annualized Sharpe (Rf=0%),0.8382,0.7607,0.67,0.6305,0.5946,0.5252,0.4307,0.262,0.2088,0.5655
sd_yang.zhang_5,Annualized Return,0.0735,0.0982,0.1166,0.1086,0.1225,0.1005,0.0846,0.0871,0.1185,0.47
sd_yang.zhang_5,Annualized Std Dev,0.0988,0.1384,0.1561,0.175,0.1998,0.2156,0.2378,0.276,0.3717,0.8726
sd_yang.zhang_5,Annualized Sharpe (Rf=0%),0.7445,0.7096,0.7468,0.6205,0.6129,0.4662,0.3558,0.3156,0.3189,0.5386
sd_yang.zhang_10,Annualized Return,0.0737,0.1053,0.1069,0.107,0.1076,0.1063,0.0986,0.0944,0.1151,0.4561
sd_yang.zhang_10,Annualized Std Dev,0.0961,0.1358,0.1596,0.177,0.1933,0.2107,0.2455,0.2742,0.3774,0.8804
sd_yang.zhang_10,Annualized Sharpe (Rf=0%),0.7671,0.775,0.6694,0.6042,0.5567,0.5045,0.4015,0.3443,0.3048,0.5181
sd_yang.zhang_22,Annualized Return,0.0747,0.1063,0.1092,0.1071,0.1054,0.1155,0.0817,0.0931,0.061,0.5363
sd_yang.zhang_22,Annualized Std Dev,0.0945,0.1349,0.1584,0.1762,0.1903,0.2137,0.2449,0.276,0.3229,0.901
sd_yang.zhang_22,Annualized Sharpe (Rf=0%),0.7904,0.7875,0.689,0.6078,0.5541,0.5404,0.3336,0.3372,0.1888,0.5952
sd_yang.zhang_66,Annualized Return,0.0783,0.1015,0.1066,0.1092,0.1102,0.1015,0.1164,0.0786,0.0622,0.521
sd_yang.zhang_66,Annualized Std Dev,0.0938,0.1355,0.1565,0.1772,0.1866,0.2155,0.2423,0.2806,0.3274,0.8957
sd_yang.zhang_66,Annualized Sharpe (Rf=0%),0.8343,0.7493,0.6812,0.6165,0.5908,0.4711,0.4804,0.2803,0.1899,0.5817
sd_yang.zhang_132,Annualized Return,0.0782,0.0987,0.1132,0.1066,0.1149,0.1047,0.1089,0.0703,0.0711,0.52
sd_yang.zhang_132,Annualized Std Dev,0.0955,0.137,0.1567,0.176,0.1908,0.2151,0.2411,0.2763,0.3507,0.8808
sd_yang.zhang_132,Annualized Sharpe (Rf=0%),0.8187,0.7208,0.7225,0.6055,0.6021,0.4865,0.4517,0.2545,0.2029,0.5903
sd_yang.zhang_264,Annualized Return,0.0823,0.1025,0.1073,0.1118,0.12,0.1025,0.1067,0.0711,0.0928,0.4797
sd_yang.zhang_264,Annualized Std Dev,0.0974,0.1371,0.1588,0.1796,0.1935,0.2091,0.2421,0.2776,0.4425,0.8432
sd_yang.zhang_264,Annualized Sharpe (Rf=0%),0.8452,0.7477,0.6755,0.6226,0.6201,0.4903,0.441,0.2561,0.2098,0.5689
skew_5,Annualized Return,0.1156,0.1061,0.1252,0.1646,0.1422,0.1434,0.1109,0.1537,0.2003,0.1381
skew_5,Annualized Std Dev,0.216,0.2046,0.2078,0.3656,0.259,0.2498,0.2184,0.2906,0.6996,0.2433
skew_5,Annualized Sharpe (Rf=0%),0.5352,0.5188,0.6026,0.4502,0.5491,0.574,0.5076,0.5289,0.2863,0.5678
skew_10,Annualized Return,0.1112,0.1792,0.1376,0.1423,0.1818,0.1332,0.1758,0.1038,0.116,0.1184
skew_10,Annualized Std Dev,0.1989,0.3143,0.2823,0.2164,0.3237,0.2596,0.6882,0.2211,0.222,0.253
skew_10,Annualized Sharpe (Rf=0%),0.559,0.57,0.4877,0.6574,0.5617,0.5132,0.2554,0.4698,0.5225,0.4682
skew_22,Annualized Return,0.1708,0.1228,0.1161,0.1188,0.2251,0.1338,0.1413,0.13,0.1163,0.124
skew_22,Annualized Std Dev,0.3565,0.1934,0.2207,0.2105,0.7176,0.2487,0.2266,0.2587,0.2288,0.2621
skew_22,Annualized Sharpe (Rf=0%),0.4791,0.6346,0.5262,0.5643,0.3137,0.5382,0.6236,0.5025,0.508,0.4729
skew_66,Annualized Return,0.1409,0.1506,0.1103,0.1232,0.1131,0.1115,0.1142,0.0985,0.1497,0.2887
skew_66,Annualized Std Dev,0.3163,0.2694,0.1964,0.2002,0.2134,0.2553,0.2231,0.2299,0.2674,0.7384
skew_66,Annualized Sharpe (Rf=0%),0.4455,0.559,0.5615,0.6155,0.53,0.4367,0.512,0.4287,0.5596,0.3909
skew_132,Annualized Return,0.0995,0.1535,0.1127,0.0996,0.1127,0.1058,0.1103,0.0901,0.2383,0.2777
skew_132,Annualized Std Dev,0.2171,0.2746,0.1908,0.1966,0.2095,0.2045,0.2183,0.2266,0.7196,0.439
skew_132,Annualized Sharpe (Rf=0%),0.4582,0.559,0.5909,0.5065,0.5379,0.5176,0.5053,0.3977,0.3312,0.6325
skew_264,Annualized Return,0.1509,0.0988,0.1243,0.1001,0.1186,0.0899,0.0816,0.1132,0.1788,0.3485
skew_264,Annualized Std Dev,0.2922,0.1963,0.2107,0.1949,0.1936,0.1952,0.2154,0.2182,0.2609,0.8056
skew_264,Annualized Sharpe (Rf=0%),0.5163,0.5035,0.5901,0.5138,0.6127,0.4605,0.3786,0.519,0.6852,0.4326
kurtosis_5,Annualized Return,0.109,0.1915,0.1025,0.1225,0.1344,0.1599,0.143,0.1073,0.1898,0.144
kurtosis_5,Annualized Std Dev,0.2194,0.3803,0.2168,0.2108,0.2178,0.3076,0.2348,0.2139,0.6977,0.2347
kurtosis_5,Annualized Sharpe (Rf=0%),0.4969,0.5035,0.4726,0.5811,0.617,0.5199,0.6089,0.5015,0.2721,0.6136
kurtosis_10,Annualized Return,0.1386,0.1737,0.1129,0.1114,0.1516,0.1234,0.1262,0.1338,0.2048,0.1243
kurtosis_10,Annualized Std Dev,0.255,0.6871,0.2143,0.2091,0.2992,0.2112,0.2852,0.2275,0.3434,0.2446
kurtosis_10,Annualized Sharpe (Rf=0%),0.5434,0.2528,0.527,0.533,0.5067,0.5843,0.4427,0.588,0.5963,0.5081
kurtosis_22,Annualized Return,0.1146,0.0874,0.1466,0.1672,0.1411,0.1369,0.1375,0.1652,0.1333,0.169
kurtosis_22,Annualized Std Dev,0.2465,0.1978,0.2857,0.6884,0.2471,0.221,0.2832,0.245,0.235,0.3391
kurtosis_22,Annualized Sharpe (Rf=0%),0.465,0.4419,0.513,0.2429,0.571,0.6194,0.4854,0.6744,0.5672,0.4984
kurtosis_66,Annualized Return,0.0835,0.0875,0.096,0.0983,0.1303,0.1227,0.1827,0.1616,0.2466,0.19
kurtosis_66,Annualized Std Dev,0.2006,0.197,0.1986,0.1999,0.2422,0.2098,0.3599,0.2359,0.7456,0.3203
kurtosis_66,Annualized Sharpe (Rf=0%),0.4162,0.4441,0.4833,0.4918,0.5382,0.5849,0.5078,0.6851,0.3307,0.5931
kurtosis_132,Annualized Return,0.0832,0.0888,0.1021,0.1146,0.0979,0.1153,0.1866,0.144,0.2247,0.2493
kurtosis_132,Annualized Std Dev,0.1944,0.1953,0.1953,0.2179,0.202,0.207,0.3091,0.2773,0.7077,0.3956
kurtosis_132,Annualized Sharpe (Rf=0%),0.4281,0.4546,0.5225,0.526,0.4847,0.5568,0.6037,0.5193,0.3176,0.6303
kurtosis_264,Annualized Return,0.1096,0.0939,0.0946,0.1074,0.1047,0.1138,0.157,0.1797,0.2308,0.2107
kurtosis_264,Annualized Std Dev,0.193,0.1903,0.198,0.2009,0.2168,0.2074,0.2535,0.3328,0.7108,0.3959
kurtosis_264,Annualized Sharpe (Rf=0%),0.5678,0.4933,0.478,0.5347,0.4828,0.5488,0.6195,0.5399,0.3248,0.5323
atr_tr_14,Annualized Return,0.6447,0.2359,0.1505,0.1597,0.1266,0.1173,0.0845,0.0465,0.0123,-0.0772
atr_tr_14,Annualized Std Dev,0.8173,0.268,0.2093,0.2085,0.2015,0.2008,0.2039,0.221,0.2284,0.2285
atr_tr_14,Annualized Sharpe (Rf=0%),0.7888,0.8802,0.7192,0.7659,0.6283,0.5841,0.4146,0.2106,0.0539,-0.3379
atr_atr_14,Annualized Return,0.67,0.2312,0.1732,0.1297,0.1342,0.1014,0.0917,0.0579,0.002,-0.0832
atr_atr_14,Annualized Std Dev,0.817,0.273,0.1978,0.2052,0.1981,0.21,0.2066,0.2228,0.238,0.2285
atr_atr_14,Annualized Sharpe (Rf=0%),0.8201,0.8469,0.8755,0.6317,0.6776,0.4829,0.4438,0.2601,0.0084,-0.3642
atr_trueHigh_14,Annualized Return,0.6447,0.2359,0.1505,0.1597,0.1266,0.1173,0.0845,0.0465,0.0123,-0.0772
atr_trueHigh_14,Annualized Std Dev,0.8173,0.268,0.2093,0.2085,0.2015,0.2008,0.2039,0.221,0.2284,0.2285
atr_trueHigh_14,Annualized Sharpe (Rf=0%),0.7888,0.8802,0.7192,0.7659,0.6283,0.5841,0.4146,0.2106,0.0539,-0.3379
atr_trueLow_14,Annualized Return,0.67,0.2312,0.1732,0.1297,0.1342,0.1014,0.0917,0.0579,0.002,-0.0832
atr_trueLow_14,Annualized Std Dev,0.817,0.273,0.1978,0.2052,0.1981,0.21,0.2066,0.2228,0.238,0.2285
atr_trueLow_14,Annualized Sharpe (Rf=0%),0.8201,0.8469,0.8755,0.6317,0.6776,0.4829,0.4438,0.2601,0.0084,-0.3642
atr_tr_14_closedv,Annualized Return,0.0886,0.1022,0.1061,0.1189,0.1137,0.1019,0.096,0.0743,0.1344,0.4528
atr_tr_14_closedv,Annualized Std Dev,0.1105,0.1453,0.1671,0.1764,0.1928,0.2146,0.2303,0.2711,0.3162,0.8766
atr_tr_14_closedv,Annualized Sharpe (Rf=0%),0.8017,0.7032,0.6348,0.6741,0.5897,0.4748,0.4165,0.2742,0.4249,0.5165
atr_atr_14_closedv,Annualized Return,0.0738,0.1025,0.1074,0.111,0.1084,0.1077,0.1065,0.0723,0.0656,0.522
atr_atr_14_closedv,Annualized Std Dev,0.092,0.131,0.1532,0.172,0.1844,0.2074,0.2415,0.2715,0.3268,0.9194
atr_atr_14_closedv,Annualized Sharpe (Rf=0%),0.8022,0.7826,0.7007,0.6458,0.588,0.519,0.4411,0.2662,0.2008,0.5677
atr_trueHigh_14_closedv,Annualized Return,0.0886,0.1022,0.1061,0.1189,0.1137,0.1019,0.096,0.0743,0.1344,0.4528
atr_trueHigh_14_closedv,Annualized Std Dev,0.1105,0.1453,0.1671,0.1764,0.1928,0.2146,0.2303,0.2711,0.3162,0.8766
atr_trueHigh_14_closedv,Annualized Sharpe (Rf=0%),0.8017,0.7032,0.6348,0.6741,0.5897,0.4748,0.4165,0.2742,0.4249,0.5165
atr_trueLow_14_closedv,Annualized Return,0.0738,0.1025,0.1074,0.111,0.1084,0.1077,0.1065,0.0723,0.0656,0.522
atr_trueLow_14_closedv,Annualized Std Dev,0.092,0.131,0.1532,0.172,0.1844,0.2074,0.2415,0.2715,0.3268,0.9194
atr_trueLow_14_closedv,Annualized Sharpe (Rf=0%),0.8022,0.7826,0.7007,0.6458,0.588,0.519,0.4411,0.2662,0.2008,0.5677
bbands_dn_5,Annualized Return,0.1374,0.1807,0.1185,0.1314,0.1245,0.1054,0.119,0.1292,0.1028,0.235
bbands_dn_5,Annualized Std Dev,0.1505,0.282,0.1809,0.1947,0.2026,0.2155,0.2437,0.3098,0.3396,0.7584
bbands_dn_5,Annualized Sharpe (Rf=0%),0.9128,0.641,0.6549,0.6749,0.6147,0.4893,0.4882,0.417,0.3025,0.3099
bbands_mavg_5,Annualized Return,0.5521,0.1251,0.13,0.1193,0.1146,0.0815,0.084,0.0809,0.0768,0.0666
bbands_mavg_5,Annualized Std Dev,0.8563,0.2459,0.2163,0.1967,0.1784,0.1772,0.1812,0.1961,0.212,0.2914
bbands_mavg_5,Annualized Sharpe (Rf=0%),0.6448,0.5086,0.6012,0.6063,0.6424,0.46,0.4637,0.4127,0.3625,0.2284
bbands_up_5,Annualized Return,0.5707,0.1222,0.1257,0.1009,0.0924,0.1002,0.096,0.0819,0.08,0.0604
bbands_up_5,Annualized Std Dev,0.8676,0.2845,0.286,0.2233,0.2081,0.1975,0.1822,0.1731,0.1601,0.1384
bbands_up_5,Annualized Sharpe (Rf=0%),0.6577,0.4297,0.4395,0.4517,0.4439,0.5077,0.527,0.4733,0.5,0.4362
bbands_pctB_5,Annualized Return,0.3125,0.2435,0.2064,0.142,0.1021,0.1105,0.1099,0.0703,0.0752,0.0415
bbands_pctB_5,Annualized Std Dev,0.3802,0.3356,0.6955,0.2319,0.2115,0.257,0.2199,0.2082,0.2283,0.1955
bbands_pctB_5,Annualized Sharpe (Rf=0%),0.822,0.7255,0.2968,0.6123,0.4825,0.43,0.4997,0.3375,0.3292,0.2122
bbands_dn_10,Annualized Return,0.203,0.1503,0.1277,0.1333,0.1162,0.1022,0.1092,0.2083,0.0644,0.1677
bbands_dn_10,Annualized Std Dev,0.2619,0.1727,0.1803,0.1964,0.2075,0.2055,0.2436,0.7339,0.2729,0.4371
bbands_dn_10,Annualized Sharpe (Rf=0%),0.7753,0.8705,0.708,0.6788,0.5601,0.4975,0.4481,0.2839,0.2359,0.3837
bbands_mavg_10,Annualized Return,0.4964,0.1146,0.1216,0.1269,0.1152,0.1152,0.0847,0.0944,0.0805,0.0671
bbands_mavg_10,Annualized Std Dev,0.8451,0.2492,0.2089,0.2,0.1889,0.1781,0.1778,0.1978,0.2156,0.2946
bbands_mavg_10,Annualized Sharpe (Rf=0%),0.5873,0.46,0.5819,0.6345,0.6101,0.6468,0.4763,0.4772,0.3731,0.2278
bbands_up_10,Annualized Return,0.5014,0.1309,0.1072,0.1294,0.1243,0.1033,0.0871,0.0842,0.0675,0.0737
bbands_up_10,Annualized Std Dev,0.8702,0.2956,0.2496,0.2355,0.2129,0.1872,0.1755,0.165,0.1546,0.1881
bbands_up_10,Annualized Sharpe (Rf=0%),0.5762,0.4426,0.4294,0.5497,0.5839,0.5521,0.4963,0.5103,0.4366,0.3921
bbands_pctB_10,Annualized Return,0.4574,0.1792,0.1317,0.1338,0.117,0.1117,0.093,0.0866,0.0552,0.0653
bbands_pctB_10,Annualized Std Dev,0.7613,0.3142,0.2343,0.2676,0.2209,0.2214,0.2052,0.2133,0.2007,0.22
bbands_pctB_10,Annualized Sharpe (Rf=0%),0.6008,0.5704,0.5622,0.4999,0.5295,0.5046,0.4532,0.4061,0.2752,0.2969
bbands_dn_22,Annualized Return,0.3272,0.1331,0.1293,0.1358,0.1068,0.1002,0.1245,0.1218,0.0797,0.1319
bbands_dn_22,Annualized Std Dev,0.7489,0.1737,0.1769,0.1903,0.1968,0.2121,0.2245,0.2888,0.259,0.4157
bbands_dn_22,Annualized Sharpe (Rf=0%),0.4369,0.7665,0.7312,0.7136,0.5426,0.4725,0.5546,0.4218,0.3075,0.3173
bbands_mavg_22,Annualized Return,0.4746,0.0953,0.1603,0.1124,0.1111,0.1038,0.1043,0.0922,0.0772,0.0735
bbands_mavg_22,Annualized Std Dev,0.8491,0.2572,0.2161,0.2031,0.187,0.1784,0.1753,0.1882,0.2097,0.3023
bbands_mavg_22,Annualized Sharpe (Rf=0%),0.559,0.3705,0.7416,0.5535,0.5944,0.5817,0.5946,0.4901,0.3683,0.243
bbands_up_22,Annualized Return,0.4464,0.1392,0.1341,0.1124,0.1236,0.1117,0.1036,0.0898,0.0748,0.0575
bbands_up_22,Annualized Std Dev,0.8674,0.329,0.2564,0.2212,0.2128,0.1877,0.1752,0.1653,0.1495,0.1557
bbands_up_22,Annualized Sharpe (Rf=0%),0.5147,0.4231,0.5231,0.5083,0.581,0.5948,0.5916,0.5432,0.5001,0.3696
bbands_pctB_22,Annualized Return,0.4708,0.1827,0.1353,0.1105,0.144,0.1047,0.0981,0.0771,0.0509,0.0557
bbands_pctB_22,Annualized Std Dev,0.7969,0.2887,0.2419,0.2282,0.2649,0.2178,0.2047,0.2016,0.1921,0.181
bbands_pctB_22,Annualized Sharpe (Rf=0%),0.5909,0.6328,0.5592,0.4844,0.5435,0.4806,0.4795,0.3825,0.265,0.3078
bbands_dn_66,Annualized Return,0.1905,0.1556,0.1022,0.1099,0.1131,0.1089,0.0934,0.0988,0.1197,0.2967
bbands_dn_66,Annualized Std Dev,0.3472,0.2866,0.1778,0.1895,0.1996,0.2014,0.2145,0.2286,0.2638,0.7724
bbands_dn_66,Annualized Sharpe (Rf=0%),0.5486,0.543,0.5747,0.5798,0.567,0.5408,0.4354,0.4323,0.4538,0.3842
bbands_mavg_66,Annualized Return,0.4434,0.0854,0.1052,0.1054,0.1032,0.1155,0.0988,0.1208,0.104,0.1034
bbands_mavg_66,Annualized Std Dev,0.8859,0.2879,0.2274,0.2003,0.1837,0.1706,0.1727,0.1766,0.1819,0.2587
bbands_mavg_66,Annualized Sharpe (Rf=0%),0.5005,0.2966,0.4627,0.5262,0.5618,0.6771,0.5717,0.684,0.5715,0.3998
bbands_up_66,Annualized Return,0.4259,0.0826,0.1102,0.1255,0.1189,0.1288,0.115,0.1025,0.0793,0.0887
bbands_up_66,Annualized Std Dev,0.8946,0.3111,0.2582,0.2226,0.2051,0.1901,0.1675,0.1596,0.1417,0.1613
bbands_up_66,Annualized Sharpe (Rf=0%),0.4761,0.2655,0.4269,0.5638,0.5797,0.6775,0.687,0.6422,0.5594,0.5496
bbands_pctB_66,Annualized Return,0.244,0.2724,0.1361,0.1195,0.1301,0.1087,0.0957,0.1092,0.103,0.0701
bbands_pctB_66,Annualized Std Dev,0.4257,0.7567,0.2864,0.245,0.2249,0.2135,0.1995,0.1875,0.1819,0.1754
bbands_pctB_66,Annualized Sharpe (Rf=0%),0.5731,0.3599,0.4753,0.4876,0.5784,0.5093,0.4797,0.5823,0.566,0.3995
bbands_dn_132,Annualized Return,0.3762,0.0896,0.0999,0.0921,0.0999,0.1021,0.1171,0.1129,0.1272,0.1737
bbands_dn_132,Annualized Std Dev,0.8317,0.1859,0.1764,0.18,0.1913,0.1957,0.2016,0.2242,0.2611,0.3551
bbands_dn_132,Annualized Sharpe (Rf=0%),0.4523,0.4819,0.566,0.5119,0.5219,0.5219,0.5812,0.5034,0.4872,0.4892
bbands_mavg_132,Annualized Return,0.4478,0.0683,0.0703,0.0857,0.1029,0.1032,0.1168,0.1224,0.1214,0.1407
bbands_mavg_132,Annualized Std Dev,0.9007,0.2935,0.2339,0.2011,0.1824,0.1772,0.1705,0.1711,0.1747,0.2371
bbands_mavg_132,Annualized Sharpe (Rf=0%),0.4972,0.2326,0.3006,0.4263,0.5642,0.5826,0.6849,0.7152,0.695,0.5936
bbands_up_132,Annualized Return,0.4515,0.0539,0.0614,0.1052,0.1123,0.1345,0.1307,0.1184,0.0993,0.107
bbands_up_132,Annualized Std Dev,0.9119,0.3085,0.2584,0.2245,0.2031,0.1886,0.1704,0.1526,0.1397,0.1585
bbands_up_132,Annualized Sharpe (Rf=0%),0.4951,0.1748,0.2374,0.4686,0.5529,0.7132,0.7671,0.7761,0.711,0.6748
bbands_pctB_132,Annualized Return,0.237,0.2199,0.1062,0.0992,0.1388,0.1008,0.1209,0.132,0.1207,0.104
bbands_pctB_132,Annualized Std Dev,0.4212,0.7608,0.2628,0.2399,0.2677,0.2154,0.1934,0.1844,0.1688,0.1676
bbands_pctB_132,Annualized Sharpe (Rf=0%),0.5628,0.289,0.4041,0.4134,0.5184,0.4679,0.6251,0.716,0.7149,0.6206
bbands_dn_264,Annualized Return,0.2636,0.1952,0.0793,0.085,0.0899,0.0967,0.1594,0.1151,0.1067,0.1795
bbands_dn_264,Annualized Std Dev,0.4345,0.3974,0.1722,0.1711,0.1758,0.1824,0.6841,0.2048,0.2321,0.3755
bbands_dn_264,Annualized Sharpe (Rf=0%),0.6067,0.4912,0.4607,0.497,0.5112,0.5301,0.233,0.5618,0.4598,0.4782
bbands_mavg_264,Annualized Return,0.4382,0.041,0.0832,0.0704,0.0958,0.106,0.1139,0.1324,0.1393,0.1513
bbands_mavg_264,Annualized Std Dev,0.9135,0.2969,0.2435,0.211,0.1861,0.1711,0.1639,0.1615,0.169,0.2257
bbands_mavg_264,Annualized Sharpe (Rf=0%),0.4797,0.138,0.3417,0.3336,0.5146,0.6191,0.695,0.8199,0.8246,0.6705
bbands_up_264,Annualized Return,0.4262,0.0346,0.0849,0.095,0.113,0.1101,0.1179,0.1125,0.1206,0.1467
bbands_up_264,Annualized Std Dev,0.9166,0.3059,0.2723,0.2276,0.2066,0.1872,0.1621,0.1477,0.1348,0.1715
bbands_up_264,Annualized Sharpe (Rf=0%),0.4649,0.113,0.312,0.4176,0.5471,0.5884,0.7272,0.7617,0.8948,0.855
bbands_pctB_264,Annualized Return,0.2231,0.1821,0.0781,0.1001,0.1169,0.1154,0.1161,0.1645,0.1267,0.1469
bbands_pctB_264,Annualized Std Dev,0.7414,0.4345,0.3107,0.2548,0.2406,0.2091,0.1832,0.2197,0.1616,0.1777
bbands_pctB_264,Annualized Sharpe (Rf=0%),0.301,0.4191,0.2513,0.3929,0.4857,0.5519,0.6336,0.7486,0.7841,0.8267
chaikinad_one_window,Annualized Return,0.1286,0.1362,0.1628,0.1776,0.1495,0.2295,0.1098,0.1125,0.0962,0.0785
chaikinad_one_window,Annualized Std Dev,0.3555,0.3876,0.2941,0.2802,0.2001,0.7159,0.185,0.1849,0.1774,0.1732
chaikinad_one_window,Annualized Sharpe (Rf=0%),0.3618,0.3513,0.5536,0.6338,0.7469,0.3206,0.5934,0.6085,0.5422,0.4533
chaikinVol_one_window,Annualized Return,0.1679,0.1365,0.1033,0.1364,0.1041,0.1151,0.1174,0.1685,0.1133,0.2324
chaikinVol_one_window,Annualized Std Dev,0.3304,0.2702,0.2097,0.2905,0.2229,0.198,0.204,0.686,0.2109,0.3658
chaikinVol_one_window,Annualized Sharpe (Rf=0%),0.5083,0.5052,0.4925,0.4695,0.4669,0.5811,0.5757,0.2456,0.5371,0.6353
cmf_5,Annualized Return,0.3606,0.153,0.1388,0.1319,0.0936,0.1196,0.1261,0.1273,0.0889,0.0693
cmf_5,Annualized Std Dev,0.7503,0.2409,0.2406,0.2594,0.2099,0.2178,0.309,0.2774,0.199,0.1866
cmf_5,Annualized Sharpe (Rf=0%),0.4807,0.6351,0.5769,0.5085,0.4459,0.549,0.4081,0.459,0.4467,0.3713
cmf_10,Annualized Return,0.3281,0.1916,0.1522,0.1542,0.108,0.1191,0.0924,0.0869,0.1076,0.0703
cmf_10,Annualized Std Dev,0.7335,0.3087,0.3131,0.2929,0.2186,0.2129,0.2109,0.2057,0.2036,0.1806
cmf_10,Annualized Sharpe (Rf=0%),0.4474,0.6206,0.4861,0.5263,0.4938,0.5593,0.438,0.4225,0.5287,0.3892
cmf_22,Annualized Return,0.3483,0.169,0.1532,0.1282,0.1183,0.105,0.1107,0.1015,0.091,0.0827
cmf_22,Annualized Std Dev,0.758,0.3572,0.3027,0.222,0.2129,0.2034,0.2092,0.1921,0.1922,0.1834
cmf_22,Annualized Sharpe (Rf=0%),0.4594,0.4731,0.5061,0.5773,0.5555,0.5162,0.5289,0.5284,0.4736,0.4508
cmf_66,Annualized Return,0.2632,0.1881,0.1258,0.1272,0.1028,0.0896,0.1526,0.1101,0.1138,0.1133
cmf_66,Annualized Std Dev,0.4479,0.6988,0.3123,0.2686,0.2104,0.1899,0.2813,0.1824,0.1801,0.1741
cmf_66,Annualized Sharpe (Rf=0%),0.5876,0.2692,0.4029,0.4736,0.4887,0.472,0.5425,0.6034,0.6321,0.6507
cmf_132,Annualized Return,0.2094,0.2077,0.0945,0.1326,0.1406,0.1059,0.1137,0.1117,0.1245,0.1365
cmf_132,Annualized Std Dev,0.405,0.7349,0.2273,0.2985,0.3045,0.193,0.1895,0.1817,0.1862,0.2214
cmf_132,Annualized Sharpe (Rf=0%),0.517,0.2827,0.4157,0.4442,0.4617,0.5491,0.5998,0.6148,0.6686,0.6166
cmf_264,Annualized Return,0.2047,0.228,0.1392,0.0923,0.1138,0.1178,0.1203,0.1193,0.1073,0.1347
cmf_264,Annualized Std Dev,0.413,0.7499,0.3615,0.2177,0.2049,0.1937,0.186,0.1775,0.1735,0.1876
cmf_264,Annualized Sharpe (Rf=0%),0.4956,0.3041,0.3851,0.4241,0.5554,0.6083,0.6467,0.6722,0.6187,0.7182
cmo_10,Annualized Return,0.391,0.1734,0.1369,0.1458,0.1009,0.1181,0.0886,0.0947,0.1045,0.0574
cmo_10,Annualized Std Dev,0.7974,0.2489,0.2697,0.229,0.2146,0.2238,0.2067,0.2064,0.245,0.1881
cmo_10,Annualized Sharpe (Rf=0%),0.4904,0.6969,0.5077,0.6367,0.4702,0.5275,0.4284,0.4588,0.4267,0.3053
cmo_22,Annualized Return,0.3747,0.1834,0.1492,0.1288,0.1252,0.102,0.0979,0.0977,0.0882,0.0596
cmo_22,Annualized Std Dev,0.8025,0.3184,0.2468,0.2266,0.2275,0.2129,0.2034,0.1936,0.1964,0.1728
cmo_22,Annualized Sharpe (Rf=0%),0.467,0.5761,0.6046,0.5683,0.5503,0.479,0.4814,0.505,0.4489,0.3452
cmo_66,Annualized Return,0.3262,0.1308,0.1113,0.0962,0.108,0.1277,0.124,0.1403,0.1004,0.1188
cmo_66,Annualized Std Dev,0.8197,0.271,0.3123,0.2261,0.2273,0.2181,0.1977,0.2273,0.1729,0.1633
cmo_66,Annualized Sharpe (Rf=0%),0.3979,0.4829,0.3564,0.4256,0.4751,0.5856,0.6272,0.6173,0.5807,0.7275
cmo_132,Annualized Return,0.2767,0.1321,0.1335,0.0838,0.1425,0.1142,0.1184,0.1192,0.1197,0.128
cmo_132,Annualized Std Dev,0.8211,0.3603,0.292,0.2318,0.2546,0.1994,0.1904,0.1793,0.1764,0.1613
cmo_132,Annualized Sharpe (Rf=0%),0.337,0.3665,0.4573,0.3615,0.5598,0.573,0.6219,0.6646,0.6786,0.7934
cmo_264,Annualized Return,0.3708,0.1008,0.084,0.081,0.1125,0.1038,0.1245,0.1392,0.1384,0.1267
cmo_264,Annualized Std Dev,0.8578,0.2985,0.2511,0.2325,0.2146,0.1955,0.1826,0.1716,0.1695,0.1608
cmo_264,Annualized Sharpe (Rf=0%),0.4322,0.3376,0.3344,0.3484,0.5244,0.5311,0.6819,0.811,0.817,0.7881
cmo_volume_5,Annualized Return,0.0996,0.0949,0.1004,0.156,0.1389,0.1706,0.2071,0.1007,0.1524,0.1834
cmo_volume_5,Annualized Std Dev,0.2391,0.2198,0.2205,0.3147,0.2808,0.2623,0.6882,0.2021,0.2788,0.2729
cmo_volume_5,Annualized Sharpe (Rf=0%),0.4167,0.4318,0.4553,0.4958,0.4948,0.6504,0.3009,0.4983,0.5466,0.6722
cmo_volume_10,Annualized Return,0.1005,0.0734,0.1142,0.113,0.1183,0.2301,0.1827,0.1352,0.1178,0.2184
cmo_volume_10,Annualized Std Dev,0.2249,0.2092,0.2271,0.217,0.2131,0.7224,0.3206,0.224,0.2122,0.3564
cmo_volume_10,Annualized Sharpe (Rf=0%),0.4467,0.3507,0.5029,0.5209,0.5552,0.3185,0.5698,0.6037,0.5551,0.6126
cmo_volume_22,Annualized Return,0.067,0.0724,0.1446,0.0891,0.1437,0.1387,0.1734,0.2074,0.1423,0.2259
cmo_volume_22,Annualized Std Dev,0.2204,0.2105,0.2922,0.2096,0.2615,0.2202,0.3093,0.6899,0.2199,0.3581
cmo_volume_22,Annualized Sharpe (Rf=0%),0.3038,0.3439,0.4948,0.4252,0.5497,0.6297,0.5607,0.3006,0.6474,0.6307
cmo_volume_66,Annualized Return,0.0726,0.0953,0.0958,0.0954,0.1109,0.2708,0.1248,0.1582,0.1654,0.2191
cmo_volume_66,Annualized Std Dev,0.2343,0.2218,0.2158,0.2171,0.2141,0.7475,0.2118,0.2462,0.2129,0.3551
cmo_volume_66,Annualized Sharpe (Rf=0%),0.3098,0.4297,0.4439,0.4397,0.5178,0.3622,0.5895,0.6426,0.7771,0.617
cmo_volume_132,Annualized Return,0.0802,0.1315,0.0817,0.1332,0.1377,0.1348,0.1677,0.1337,0.1668,0.2309
cmo_volume_132,Annualized Std Dev,0.2755,0.3174,0.2148,0.6851,0.2227,0.2208,0.2855,0.2049,0.2114,0.3606
cmo_volume_132,Annualized Sharpe (Rf=0%),0.2911,0.4142,0.3801,0.1944,0.6181,0.6106,0.5875,0.6527,0.7892,0.6403
cmo_volume_264,Annualized Return,0.0974,0.1079,0.0946,0.0965,0.2422,0.1541,0.1303,0.1274,0.1442,0.2028
cmo_volume_264,Annualized Std Dev,0.2785,0.2379,0.233,0.2071,0.7271,0.2831,0.208,0.2037,0.2067,0.3612
cmo_volume_264,Annualized Sharpe (Rf=0%),0.3495,0.4538,0.4061,0.4659,0.3331,0.5443,0.6261,0.6256,0.6977,0.5615
dochian_mid_5,Annualized Return,0.509,0.1325,0.1261,0.1313,0.098,0.1103,0.0854,0.0693,0.0653,0.0823
dochian_mid_5,Annualized Std Dev,0.853,0.2467,0.2163,0.204,0.1834,0.181,0.1727,0.1814,0.2077,0.3516
dochian_mid_5,Annualized Sharpe (Rf=0%),0.5967,0.537,0.5828,0.6436,0.5346,0.6095,0.4945,0.3819,0.3144,0.234
dochian_low_5,Annualized Return,0.1951,0.1438,0.1363,0.1216,0.1403,0.0972,0.1266,0.0669,0.1632,0.1883
dochian_low_5,Annualized Std Dev,0.1761,0.1871,0.1829,0.1856,0.2798,0.2115,0.2476,0.2435,0.7085,0.4836
dochian_low_5,Annualized Sharpe (Rf=0%),1.1081,0.7687,0.7453,0.6553,0.5015,0.4594,0.5113,0.2746,0.2304,0.3893
dochian_high_10,Annualized Return,0.5044,0.1298,0.1115,0.1193,0.1262,0.1234,0.1026,0.0837,0.0626,0.0377
dochian_high_10,Annualized Std Dev,0.8922,0.2969,0.2627,0.2262,0.2083,0.1991,0.1765,0.165,0.1524,0.1286
dochian_high_10,Annualized Sharpe (Rf=0%),0.5653,0.4372,0.4244,0.5274,0.6058,0.6196,0.5813,0.507,0.4108,0.2928
dochian_mid_10,Annualized Return,0.5013,0.1322,0.1324,0.1165,0.1221,0.0993,0.0926,0.0843,0.0775,0.0547
dochian_mid_10,Annualized Std Dev,0.8661,0.2589,0.2135,0.1928,0.1819,0.1752,0.1812,0.1873,0.2062,0.2632
dochian_mid_10,Annualized Sharpe (Rf=0%),0.5787,0.5106,0.6203,0.6042,0.6713,0.5664,0.5111,0.4502,0.3756,0.2077
dochian_low_10,Annualized Return,0.1804,0.1307,0.135,0.153,0.1125,0.1055,0.0971,0.1685,0.1202,0.1723
dochian_low_10,Annualized Std Dev,0.172,0.1821,0.1838,0.2881,0.1974,0.2099,0.2314,0.701,0.3468,0.447
dochian_low_10,Annualized Sharpe (Rf=0%),1.0486,0.7176,0.7348,0.5311,0.5697,0.5028,0.4198,0.2404,0.3465,0.3855
dochian_high_22,Annualized Return,0.4548,0.138,0.112,0.1349,0.1187,0.1261,0.1048,0.093,0.067,0.0384
dochian_high_22,Annualized Std Dev,0.8865,0.3124,0.2525,0.2346,0.2085,0.1961,0.1775,0.1597,0.148,0.1216
dochian_high_22,Annualized Sharpe (Rf=0%),0.513,0.4418,0.4435,0.575,0.5694,0.6431,0.5907,0.5821,0.4527,0.3157
dochian_mid_22,Annualized Return,0.4536,0.1263,0.1328,0.1217,0.1182,0.1143,0.1029,0.0934,0.0658,0.0682
dochian_mid_22,Annualized Std Dev,0.8573,0.3047,0.2185,0.1972,0.1826,0.178,0.1744,0.1805,0.1954,0.2599
dochian_mid_22,Annualized Sharpe (Rf=0%),0.529,0.4145,0.6076,0.6174,0.6471,0.6421,0.5899,0.5174,0.3369,0.2625
dochian_low_22,Annualized Return,0.17,0.1514,0.1383,0.1452,0.2041,0.1149,0.1108,0.1186,0.0888,0.139
dochian_low_22,Annualized Std Dev,0.1912,0.2655,0.1883,0.2631,0.69,0.2119,0.2307,0.2834,0.2676,0.4112
dochian_low_22,Annualized Sharpe (Rf=0%),0.8892,0.5704,0.7342,0.552,0.2959,0.5423,0.4804,0.4186,0.3319,0.3382
dochian_high_66,Annualized Return,0.4235,0.0742,0.114,0.1276,0.1264,0.1141,0.123,0.1199,0.09,0.0586
dochian_high_66,Annualized Std Dev,0.9021,0.313,0.2662,0.2315,0.2044,0.1913,0.1754,0.1603,0.1426,0.1176
dochian_high_66,Annualized Sharpe (Rf=0%),0.4695,0.2372,0.4282,0.5512,0.6183,0.5968,0.7015,0.7478,0.6307,0.4979
dochian_mid_66,Annualized Return,0.4412,0.0734,0.0963,0.103,0.106,0.1139,0.1048,0.1084,0.1079,0.1298
dochian_mid_66,Annualized Std Dev,0.8925,0.2966,0.2303,0.2032,0.1827,0.1693,0.1653,0.1688,0.1816,0.2273
dochian_mid_66,Annualized Sharpe (Rf=0%),0.4944,0.2474,0.4183,0.5069,0.5802,0.6726,0.6342,0.6421,0.5943,0.5711
dochian_low_66,Annualized Return,0.1382,0.1165,0.2171,0.1472,0.1193,0.1036,0.1289,0.1019,0.1573,0.1567
dochian_low_66,Annualized Std Dev,0.1995,0.1889,0.707,0.2153,0.2092,0.2121,0.2564,0.26,0.3284,0.3805
dochian_low_66,Annualized Sharpe (Rf=0%),0.693,0.6165,0.3071,0.6836,0.5701,0.4885,0.5026,0.3918,0.4789,0.4118
dochian_high_132,Annualized Return,0.4309,0.0635,0.0778,0.1078,0.1288,0.1298,0.1272,0.1236,0.1057,0.0697
dochian_high_132,Annualized Std Dev,0.9126,0.3204,0.2702,0.2367,0.2046,0.1878,0.1738,0.1524,0.1425,0.1144
dochian_high_132,Annualized Sharpe (Rf=0%),0.4722,0.1983,0.2879,0.4553,0.6294,0.6913,0.7322,0.8112,0.7416,0.6091
dochian_mid_132,Annualized Return,0.4358,0.04,0.0864,0.0958,0.1012,0.0988,0.1154,0.1289,0.1173,0.1566
dochian_mid_132,Annualized Std Dev,0.9076,0.2955,0.2495,0.2085,0.1863,0.1721,0.164,0.1632,0.1679,0.2124
dochian_mid_132,Annualized Sharpe (Rf=0%),0.4801,0.1354,0.3462,0.4596,0.5432,0.5743,0.7036,0.7902,0.6986,0.7375
dochian_low_132,Annualized Return,0.1068,0.1247,0.2221,0.1104,0.0896,0.1453,0.122,0.1486,0.1679,0.1497
dochian_low_132,Annualized Std Dev,0.2092,0.1989,0.7153,0.1986,0.203,0.3138,0.2171,0.2564,0.3363,0.3111
dochian_low_132,Annualized Sharpe (Rf=0%),0.5106,0.6272,0.3104,0.5561,0.4414,0.4629,0.5617,0.5797,0.4994,0.4811
dochian_high_264,Annualized Return,0.4278,0.0274,0.0881,0.0981,0.1257,0.1196,0.1337,0.1374,0.1198,0.0866
dochian_high_264,Annualized Std Dev,0.908,0.3158,0.2784,0.2355,0.2151,0.1911,0.1669,0.1538,0.1412,0.1114
dochian_high_264,Annualized Sharpe (Rf=0%),0.4711,0.0868,0.3164,0.4167,0.5841,0.626,0.8008,0.8938,0.8482,0.7776
dochian_mid_264,Annualized Return,0.4402,0.0398,0.0597,0.079,0.1025,0.1078,0.111,0.133,0.1396,0.1622
dochian_mid_264,Annualized Std Dev,0.9061,0.3069,0.2517,0.2204,0.1937,0.1727,0.1649,0.1555,0.1587,0.1953
dochian_mid_264,Annualized Sharpe (Rf=0%),0.4859,0.1296,0.2372,0.3584,0.5291,0.6245,0.6731,0.8552,0.8794,0.8306
dochian_low_264,Annualized Return,0.0834,0.2026,0.1151,0.1116,0.1034,0.1493,0.1189,0.1927,0.1597,0.1526
dochian_low_264,Annualized Std Dev,0.2213,0.7098,0.2093,0.2439,0.1964,0.2838,0.2104,0.337,0.2524,0.3023
dochian_low_264,Annualized Sharpe (Rf=0%),0.3768,0.2854,0.5501,0.4577,0.5266,0.526,0.5653,0.5717,0.6327,0.5047
GMMA_short_lag_3_,Annualized Return,0.5251,0.1328,0.1422,0.1372,0.1158,0.1043,0.0879,0.0825,0.0468,0.0556
GMMA_short_lag_3_,Annualized Std Dev,0.838,0.251,0.2127,0.2309,0.1763,0.1861,0.1813,0.1925,0.2074,0.2964
GMMA_short_lag_3_,Annualized Sharpe (Rf=0%),0.6267,0.5291,0.6686,0.5942,0.6569,0.5606,0.4849,0.4284,0.2256,0.1876
GMMA_short_lag_5_,Annualized Return,0.5407,0.1189,0.1307,0.1255,0.1184,0.1005,0.0944,0.0648,0.0775,0.0578
GMMA_short_lag_5_,Annualized Std Dev,0.8481,0.2577,0.2079,0.1973,0.1797,0.1756,0.1923,0.1839,0.2165,0.2926
GMMA_short_lag_5_,Annualized Sharpe (Rf=0%),0.6375,0.4613,0.6286,0.6361,0.6587,0.5724,0.4907,0.3524,0.3579,0.1975
GMMA_short_lag_8_,Annualized Return,0.5208,0.1131,0.1244,0.1427,0.1073,0.1174,0.0839,0.0809,0.0828,0.0509
GMMA_short_lag_8_,Annualized Std Dev,0.8474,0.253,0.2124,0.2005,0.1895,0.1796,0.1827,0.1903,0.2092,0.2866
GMMA_short_lag_8_,Annualized Sharpe (Rf=0%),0.6146,0.447,0.5857,0.7117,0.5659,0.654,0.4595,0.425,0.3957,0.1776
GMMA_short_lag_10_,Annualized Return,0.5008,0.117,0.1284,0.1273,0.1203,0.1076,0.0967,0.085,0.0793,0.0537
GMMA_short_lag_10_,Annualized Std Dev,0.8495,0.2502,0.2154,0.1993,0.1882,0.18,0.1841,0.19,0.2079,0.2898
GMMA_short_lag_10_,Annualized Sharpe (Rf=0%),0.5895,0.4675,0.5961,0.6391,0.6391,0.5976,0.5253,0.4474,0.3812,0.1854
GMMA_short_lag_12_,Annualized Return,0.4937,0.1188,0.1204,0.1251,0.1238,0.1108,0.0871,0.0922,0.0847,0.0567
GMMA_short_lag_12_,Annualized Std Dev,0.8494,0.2539,0.2156,0.199,0.1898,0.1856,0.1793,0.1873,0.2069,0.2895
GMMA_short_lag_12_,Annualized Sharpe (Rf=0%),0.5812,0.468,0.5584,0.6287,0.6523,0.5971,0.4855,0.4922,0.4093,0.1957
GMMA_short_lag_15_,Annualized Return,0.4892,0.1042,0.1258,0.1492,0.106,0.0985,0.1092,0.0924,0.0658,0.069
GMMA_short_lag_15_,Annualized Std Dev,0.8527,0.2552,0.2181,0.2049,0.1855,0.1778,0.1846,0.184,0.2023,0.2952
GMMA_short_lag_15_,Annualized Sharpe (Rf=0%),0.5738,0.4085,0.577,0.7278,0.5715,0.554,0.5915,0.5024,0.3255,0.2339
GMMA_long_lag_30_,Annualized Return,0.4651,0.107,0.1218,0.1073,0.1188,0.1044,0.1163,0.1041,0.0791,0.074
GMMA_long_lag_30_,Annualized Std Dev,0.8617,0.2713,0.2218,0.1982,0.2198,0.176,0.1738,0.1816,0.2005,0.2612
GMMA_long_lag_30_,Annualized Sharpe (Rf=0%),0.5397,0.3946,0.5493,0.5413,0.5406,0.5931,0.6692,0.5731,0.3945,0.2834
GMMA_long_lag_35_,Annualized Return,0.4539,0.1085,0.1455,0.0979,0.0897,0.1182,0.1044,0.1111,0.0924,0.0728
GMMA_long_lag_35_,Annualized Std Dev,0.865,0.2754,0.2573,0.1991,0.183,0.1779,0.1687,0.1833,0.1953,0.258
GMMA_long_lag_35_,Annualized Sharpe (Rf=0%),0.5248,0.3939,0.5654,0.4916,0.4898,0.6643,0.6187,0.606,0.4733,0.2821
GMMA_long_lag_40_,Annualized Return,0.4522,0.1197,0.1161,0.1006,0.0956,0.1074,0.121,0.1053,0.0914,0.0821
GMMA_long_lag_40_,Annualized Std Dev,0.8676,0.311,0.2238,0.1989,0.1813,0.1769,0.171,0.1842,0.1891,0.253
GMMA_long_lag_40_,Annualized Sharpe (Rf=0%),0.5212,0.385,0.5187,0.5059,0.5275,0.6071,0.7077,0.5719,0.4836,0.3247
GMMA_long_lag_45_,Annualized Return,0.4853,0.0876,0.1104,0.0994,0.094,0.1147,0.1206,0.1043,0.0992,0.082
GMMA_long_lag_45_,Annualized Std Dev,0.8841,0.276,0.2265,0.2006,0.1782,0.1778,0.1733,0.179,0.1855,0.2503
GMMA_long_lag_45_,Annualized Sharpe (Rf=0%),0.5489,0.3175,0.4872,0.4957,0.5276,0.6449,0.6958,0.5827,0.5348,0.3275
GMMA_long_lag_50_,Annualized Return,0.4685,0.097,0.1034,0.0906,0.1071,0.1185,0.1143,0.1051,0.095,0.0922
GMMA_long_lag_50_,Annualized Std Dev,0.8868,0.2778,0.2299,0.1988,0.1866,0.1755,0.1712,0.1745,0.1857,0.2468
GMMA_long_lag_50_,Annualized Sharpe (Rf=0%),0.5283,0.3491,0.4499,0.4554,0.5736,0.6754,0.6679,0.6026,0.5115,0.3736
GMMA_long_lag_60_,Annualized Return,0.4717,0.0844,0.1063,0.0899,0.1113,0.1055,0.11,0.1057,0.1035,0.1012
GMMA_long_lag_60_,Annualized Std Dev,0.8932,0.277,0.2363,0.1984,0.1862,0.1725,0.1675,0.175,0.1803,0.2441
GMMA_long_lag_60_,Annualized Sharpe (Rf=0%),0.5281,0.3048,0.4498,0.4529,0.5978,0.6115,0.6563,0.6039,0.5741,0.4148
keltnerchannels_dn_5,Annualized Return,0.0901,0.1177,0.1212,0.1057,0.1422,0.1052,0.1139,0.0985,0.1127,0.3502
keltnerchannels_dn_5,Annualized Std Dev,0.1126,0.1457,0.1615,0.1737,0.2738,0.2145,0.2403,0.2729,0.3182,0.8738
keltnerchannels_dn_5,Annualized Sharpe (Rf=0%),0.8003,0.8079,0.7502,0.6082,0.5193,0.4904,0.4739,0.3608,0.3543,0.4007
keltnerchannels_mavg_5,Annualized Return,0.5593,0.112,0.139,0.1323,0.1078,0.0881,0.0801,0.0909,0.0797,0.0458
keltnerchannels_mavg_5,Annualized Std Dev,0.8505,0.2515,0.2096,0.2023,0.1802,0.1772,0.1824,0.1886,0.2108,0.2897
keltnerchannels_mavg_5,Annualized Sharpe (Rf=0%),0.6576,0.4454,0.6632,0.654,0.5983,0.4969,0.4391,0.482,0.3779,0.1581
keltnerchannels_up_5,Annualized Return,0.6115,0.0645,0.0892,0.1006,0.0991,0.1094,0.1081,0.0882,0.087,0.055
keltnerchannels_up_5,Annualized Std Dev,0.9078,0.3158,0.2742,0.2367,0.2097,0.1907,0.1725,0.1549,0.1368,0.099
keltnerchannels_up_5,Annualized Sharpe (Rf=0%),0.6735,0.2041,0.3252,0.4249,0.4727,0.574,0.6267,0.5694,0.6357,0.5551
keltnerchannels_dn_10,Annualized Return,0.1011,0.1506,0.1242,0.1143,0.1045,0.1228,0.1492,0.1516,0.0891,0.2484
keltnerchannels_dn_10,Annualized Std Dev,0.1534,0.2465,0.1657,0.1763,0.1822,0.2131,0.6976,0.2866,0.303,0.5466
keltnerchannels_dn_10,Annualized Sharpe (Rf=0%),0.6587,0.6108,0.7496,0.6482,0.5738,0.5762,0.2138,0.5288,0.294,0.4545
keltnerchannels_mavg_10,Annualized Return,0.4981,0.1283,0.1238,0.1318,0.1187,0.1015,0.1024,0.0849,0.0737,0.0535
keltnerchannels_mavg_10,Annualized Std Dev,0.8491,0.2536,0.2181,0.2013,0.1875,0.1786,0.1821,0.1918,0.2021,0.2858
keltnerchannels_mavg_10,Annualized Sharpe (Rf=0%),0.5866,0.5059,0.5679,0.655,0.6329,0.5684,0.5625,0.4429,0.3649,0.1872
keltnerchannels_up_10,Annualized Return,0.5686,0.0961,0.0875,0.1116,0.1061,0.1323,0.0958,0.0885,0.0718,0.0466
keltnerchannels_up_10,Annualized Std Dev,0.9006,0.3245,0.2617,0.2324,0.2098,0.1891,0.1711,0.1541,0.1395,0.1232
keltnerchannels_up_10,Annualized Sharpe (Rf=0%),0.6313,0.2962,0.3343,0.4802,0.5056,0.6995,0.5599,0.5741,0.5145,0.3781
keltnerchannels_dn_22,Annualized Return,0.2553,0.1354,0.1623,0.1291,0.1178,0.1085,0.101,0.0986,0.112,0.1517
keltnerchannels_dn_22,Annualized Std Dev,0.7438,0.1758,0.2626,0.176,0.2012,0.1956,0.2225,0.2419,0.2797,0.4229
keltnerchannels_dn_22,Annualized Sharpe (Rf=0%),0.3432,0.7701,0.618,0.7338,0.5852,0.5547,0.454,0.4075,0.4005,0.3586
keltnerchannels_mavg_22,Annualized Return,0.4845,0.109,0.1213,0.1225,0.1061,0.1084,0.0992,0.0899,0.1122,0.0521
keltnerchannels_mavg_22,Annualized Std Dev,0.8575,0.2617,0.2233,0.2026,0.1842,0.1726,0.1777,0.1798,0.2404,0.2641
keltnerchannels_mavg_22,Annualized Sharpe (Rf=0%),0.565,0.4164,0.5432,0.6045,0.5758,0.6282,0.5583,0.5001,0.467,0.1972
keltnerchannels_up_22,Annualized Return,0.5471,0.0608,0.1087,0.119,0.1128,0.1205,0.1133,0.0878,0.0683,0.0651
keltnerchannels_up_22,Annualized Std Dev,0.8989,0.3008,0.2591,0.2342,0.2019,0.1834,0.1684,0.1563,0.1402,0.1616
keltnerchannels_up_22,Annualized Sharpe (Rf=0%),0.6087,0.202,0.4194,0.5082,0.5589,0.6568,0.6724,0.5617,0.487,0.4028
keltnerchannels_dn_66,Annualized Return,0.3567,0.1013,0.1002,0.1569,0.1158,0.1114,0.1119,0.1013,0.1134,0.1095
keltnerchannels_dn_66,Annualized Std Dev,0.8303,0.2266,0.197,0.2732,0.1805,0.1868,0.1944,0.2052,0.2441,0.3165
keltnerchannels_dn_66,Annualized Sharpe (Rf=0%),0.4296,0.4471,0.5085,0.5745,0.6416,0.596,0.5754,0.4937,0.4645,0.3458
keltnerchannels_mavg_66,Annualized Return,0.4572,0.0982,0.0919,0.1013,0.1054,0.1002,0.1118,0.1078,0.1078,0.1042
keltnerchannels_mavg_66,Annualized Std Dev,0.8932,0.289,0.2291,0.2027,0.1846,0.1718,0.1685,0.1735,0.1764,0.2413
keltnerchannels_mavg_66,Annualized Sharpe (Rf=0%),0.5119,0.3397,0.4009,0.4995,0.5709,0.5833,0.6634,0.6211,0.611,0.4318
keltnerchannels_up_66,Annualized Return,0.5001,0.0476,0.0935,0.1026,0.1094,0.1066,0.1086,0.1157,0.0839,0.1169
keltnerchannels_up_66,Annualized Std Dev,0.9101,0.3042,0.2544,0.218,0.1978,0.1784,0.1618,0.1522,0.1489,0.1961
keltnerchannels_up_66,Annualized Sharpe (Rf=0%),0.5495,0.1565,0.3677,0.4705,0.5532,0.5976,0.6709,0.7601,0.5633,0.5962
keltnerchannels_dn_132,Annualized Return,0.3855,0.0966,0.095,0.0956,0.104,0.1093,0.1186,0.1099,0.1132,0.1453
keltnerchannels_dn_132,Annualized Std Dev,0.8781,0.2941,0.2136,0.1885,0.1803,0.1803,0.1801,0.1849,0.2001,0.2838
keltnerchannels_dn_132,Annualized Sharpe (Rf=0%),0.4391,0.3284,0.4447,0.507,0.5769,0.6062,0.6584,0.5944,0.5655,0.512
keltnerchannels_mavg_132,Annualized Return,0.46,0.0664,0.0755,0.0914,0.0988,0.0948,0.1128,0.1167,0.1238,0.1359
keltnerchannels_mavg_132,Annualized Std Dev,0.9124,0.2941,0.2372,0.2067,0.1832,0.1744,0.167,0.164,0.1687,0.2281
keltnerchannels_mavg_132,Annualized Sharpe (Rf=0%),0.5042,0.2257,0.3182,0.4423,0.539,0.5436,0.6755,0.7118,0.7342,0.5958
keltnerchannels_up_132,Annualized Return,0.4645,0.0614,0.0766,0.0868,0.0921,0.1078,0.1143,0.1208,0.1115,0.1363
keltnerchannels_up_132,Annualized Std Dev,0.9163,0.3081,0.2485,0.2201,0.2005,0.1732,0.1635,0.1519,0.1525,0.1967
keltnerchannels_up_132,Annualized Sharpe (Rf=0%),0.507,0.1993,0.3083,0.3943,0.459,0.6224,0.6989,0.7953,0.7307,0.6933
keltnerchannels_dn_264,Annualized Return,0.445,0.0547,0.0807,0.1029,0.0963,0.1151,0.1027,0.1148,0.1209,0.1434
keltnerchannels_dn_264,Annualized Std Dev,0.9047,0.2839,0.2308,0.2035,0.1804,0.1792,0.1678,0.169,0.1778,0.2536
keltnerchannels_dn_264,Annualized Sharpe (Rf=0%),0.4919,0.1926,0.3496,0.5055,0.534,0.6419,0.6121,0.6794,0.6801,0.5655
keltnerchannels_mavg_264,Annualized Return,0.4658,0.0582,0.0954,0.0792,0.094,0.1005,0.1065,0.1141,0.12,0.1401
keltnerchannels_mavg_264,Annualized Std Dev,0.9128,0.3021,0.2542,0.2133,0.1899,0.1736,0.1627,0.1572,0.1602,0.2135
keltnerchannels_mavg_264,Annualized Sharpe (Rf=0%),0.5102,0.1925,0.3754,0.3714,0.4951,0.5793,0.6545,0.7258,0.7492,0.6565
keltnerchannels_up_264,Annualized Return,0.4738,0.0672,0.0695,0.0851,0.0881,0.0994,0.1119,0.1198,0.1125,0.1458
keltnerchannels_up_264,Annualized Std Dev,0.9117,0.3126,0.2599,0.2223,0.1975,0.1757,0.1623,0.1503,0.1491,0.1955
keltnerchannels_up_264,Annualized Sharpe (Rf=0%),0.5197,0.215,0.2673,0.3827,0.4462,0.566,0.6897,0.7971,0.7549,0.7456
kst_kst_5,Annualized Return,0.4248,0.1256,0.115,0.1106,0.1014,0.0885,0.0996,0.0978,0.1026,0.1318
kst_kst_5,Annualized Std Dev,0.8427,0.2469,0.2121,0.1962,0.1822,0.1781,0.181,0.1971,0.2205,0.307
kst_kst_5,Annualized Sharpe (Rf=0%),0.5041,0.5089,0.542,0.5636,0.5562,0.497,0.5503,0.4962,0.4652,0.4295
kst_signal_5,Annualized Return,0.3585,0.1593,0.1243,0.1048,0.1103,0.1123,0.1079,0.1105,0.1124,0.0826
kst_signal_5,Annualized Std Dev,0.8361,0.2941,0.2209,0.1958,0.1825,0.1771,0.1814,0.1859,0.2217,0.2888
kst_signal_5,Annualized Sharpe (Rf=0%),0.4288,0.5417,0.5628,0.5354,0.6041,0.634,0.5947,0.5947,0.5068,0.286
kst_kst_10,Annualized Return,0.3788,0.1308,0.1421,0.1041,0.1245,0.1016,0.0997,0.1159,0.1037,0.0841
kst_kst_10,Annualized Std Dev,0.8402,0.2622,0.2507,0.1948,0.1825,0.1757,0.1816,0.1872,0.2199,0.2879
kst_kst_10,Annualized Sharpe (Rf=0%),0.4509,0.4988,0.5667,0.5345,0.6821,0.5782,0.549,0.6189,0.4714,0.2921
kst_signal_10,Annualized Return,0.3779,0.1092,0.141,0.1488,0.1235,0.1239,0.1194,0.1029,0.086,0.0617
kst_signal_10,Annualized Std Dev,0.8325,0.255,0.2338,0.2148,0.1825,0.1833,0.1796,0.1939,0.207,0.2673
kst_signal_10,Annualized Sharpe (Rf=0%),0.4539,0.4283,0.603,0.6926,0.6767,0.6756,0.6645,0.5307,0.4154,0.2308
kst_kst_22,Annualized Return,0.3934,0.1211,0.1209,0.0972,0.1189,0.1164,0.101,0.1012,0.0937,0.1239
kst_kst_22,Annualized Std Dev,0.8614,0.264,0.2284,0.1976,0.1858,0.183,0.1756,0.1854,0.1965,0.273
kst_kst_22,Annualized Sharpe (Rf=0%),0.4568,0.4589,0.5293,0.4917,0.6398,0.6362,0.5752,0.546,0.4767,0.4537
kst_signal_22,Annualized Return,0.3168,0.1621,0.1048,0.1354,0.1096,0.0997,0.1027,0.118,0.1007,0.1251
kst_signal_22,Annualized Std Dev,0.5731,0.7069,0.2248,0.2051,0.1885,0.1729,0.1761,0.182,0.2024,0.2593
kst_signal_22,Annualized Sharpe (Rf=0%),0.5527,0.2293,0.4664,0.6603,0.5813,0.5766,0.5833,0.6482,0.4978,0.4826
kst_kst_66,Annualized Return,0.3379,0.0551,0.1032,0.1368,0.117,0.1023,0.1199,0.1183,0.1147,0.1603
kst_kst_66,Annualized Std Dev,0.8718,0.2742,0.2369,0.2783,0.1904,0.1794,0.176,0.1688,0.1879,0.2451
kst_kst_66,Annualized Sharpe (Rf=0%),0.3876,0.2008,0.4355,0.4915,0.6146,0.5702,0.6811,0.7011,0.6106,0.6541
kst_signal_66,Annualized Return,0.3181,0.0716,0.1011,0.1449,0.1106,0.1036,0.117,0.1254,0.1204,0.1488
kst_signal_66,Annualized Std Dev,0.8697,0.2812,0.2293,0.2822,0.1917,0.1775,0.1763,0.1705,0.187,0.2451
kst_signal_66,Annualized Sharpe (Rf=0%),0.3658,0.2547,0.4408,0.5134,0.5771,0.5833,0.6634,0.7353,0.644,0.607
kst_kst_132,Annualized Return,0.3641,0.0591,0.0822,0.094,0.1231,0.1064,0.115,0.1225,0.1433,0.1556
kst_kst_132,Annualized Std Dev,0.8885,0.3154,0.234,0.2062,0.1875,0.1696,0.1658,0.1714,0.1883,0.2521
kst_kst_132,Annualized Sharpe (Rf=0%),0.4098,0.1875,0.3513,0.4557,0.6565,0.6273,0.6937,0.7148,0.7606,0.6171
kst_signal_132,Annualized Return,0.3567,0.0727,0.0683,0.0971,0.1224,0.1116,0.1176,0.1265,0.1343,0.1561
kst_signal_132,Annualized Std Dev,0.8886,0.3153,0.2345,0.205,0.1863,0.1699,0.1676,0.1746,0.1879,0.2531
kst_signal_132,Annualized Sharpe (Rf=0%),0.4014,0.2306,0.2913,0.4739,0.6568,0.657,0.7013,0.7247,0.7148,0.6167
mfi_10,Annualized Return,0.3823,0.1288,0.1195,0.1598,0.1076,0.1115,0.1095,0.0996,0.0857,0.1075
mfi_10,Annualized Std Dev,0.7869,0.2297,0.2209,0.2838,0.2088,0.2171,0.2093,0.2175,0.2113,0.2522
mfi_10,Annualized Sharpe (Rf=0%),0.4858,0.5606,0.541,0.5629,0.5155,0.5135,0.5233,0.458,0.4056,0.4264
mfi_22,Annualized Return,0.3436,0.158,0.132,0.1071,0.1132,0.1184,0.0966,0.1005,0.1123,0.123
mfi_22,Annualized Std Dev,0.7905,0.2985,0.2216,0.2093,0.2163,0.2154,0.206,0.2025,0.2056,0.2611
mfi_22,Annualized Sharpe (Rf=0%),0.4347,0.5292,0.5958,0.5115,0.5232,0.5498,0.469,0.4962,0.5461,0.4712
mfi_66,Annualized Return,0.2783,0.1343,0.1032,0.0944,0.1145,0.1398,0.1087,0.123,0.1453,0.1532
mfi_66,Annualized Std Dev,0.7634,0.2557,0.2303,0.2171,0.2177,0.283,0.2095,0.2311,0.2051,0.2703
mfi_66,Annualized Sharpe (Rf=0%),0.3646,0.5254,0.4481,0.4349,0.5262,0.4939,0.5188,0.5321,0.7084,0.5667
mfi_132,Annualized Return,0.2312,0.0815,0.0971,0.1443,0.1015,0.0983,0.1631,0.1806,0.164,0.1212
mfi_132,Annualized Std Dev,0.7642,0.2433,0.2259,0.2882,0.2097,0.1979,0.2952,0.2418,0.2314,0.2652
mfi_132,Annualized Sharpe (Rf=0%),0.3026,0.3351,0.4298,0.5007,0.484,0.4968,0.5524,0.7471,0.709,0.4572
mfi_264,Annualized Return,0.158,0.1249,0.186,0.0845,0.0976,0.121,0.1558,0.1354,0.1575,0.1555
mfi_264,Annualized Std Dev,0.325,0.3511,0.7212,0.2099,0.201,0.1919,0.2962,0.2021,0.1912,0.2988
mfi_264,Annualized Sharpe (Rf=0%),0.4863,0.3557,0.258,0.4028,0.4856,0.6302,0.5261,0.6699,0.8236,0.5203
rsi_5,Annualized Return,0.4812,0.155,0.1192,0.1499,0.1334,0.1096,0.0815,0.0944,0.0717,0.0376
rsi_5,Annualized Std Dev,0.8002,0.246,0.2299,0.2698,0.2271,0.2157,0.2034,0.236,0.194,0.186
rsi_5,Annualized Sharpe (Rf=0%),0.6014,0.6302,0.5186,0.5555,0.5875,0.5079,0.4007,0.3998,0.3695,0.2023
rsi_10,Annualized Return,0.4837,0.1396,0.1449,0.1097,0.1572,0.1046,0.1038,0.0749,0.0573,0.0541
rsi_10,Annualized Std Dev,0.8182,0.2505,0.2385,0.2312,0.259,0.2114,0.2059,0.197,0.1895,0.1766
rsi_10,Annualized Sharpe (Rf=0%),0.5912,0.5575,0.6077,0.4746,0.6068,0.4947,0.5041,0.3803,0.3021,0.3061
rsi_22,Annualized Return,0.4333,0.1449,0.136,0.1371,0.1151,0.1104,0.091,0.0917,0.0786,0.0708
rsi_22,Annualized Std Dev,0.8334,0.2721,0.2487,0.263,0.2149,0.2106,0.1965,0.1891,0.1748,0.1688
rsi_22,Annualized Sharpe (Rf=0%),0.5199,0.5324,0.5466,0.5213,0.5358,0.5244,0.4632,0.485,0.4499,0.4195
rsi_66,Annualized Return,0.399,0.1594,0.0978,0.0743,0.1028,0.0965,0.1129,0.1026,0.1128,0.1248
rsi_66,Annualized Std Dev,0.8643,0.3314,0.2537,0.2281,0.2081,0.1973,0.1837,0.1727,0.1671,0.1624
rsi_66,Annualized Sharpe (Rf=0%),0.4616,0.481,0.3853,0.3257,0.4942,0.4892,0.6146,0.5942,0.6747,0.7685
rsi_132,Annualized Return,0.4277,0.0883,0.112,0.0975,0.0918,0.09,0.098,0.1141,0.1256,0.1373
rsi_132,Annualized Std Dev,0.8695,0.3067,0.2947,0.2309,0.2095,0.1924,0.1767,0.1736,0.1557,0.157
rsi_132,Annualized Sharpe (Rf=0%),0.4919,0.2877,0.3801,0.4224,0.4379,0.468,0.5548,0.6576,0.8067,0.8749
rsi_264,Annualized Return,0.3772,0.141,0.0821,0.1069,0.0959,0.091,0.1081,0.1118,0.1237,0.1356
rsi_264,Annualized Std Dev,0.8486,0.3397,0.2693,0.2769,0.2155,0.196,0.1814,0.1689,0.1608,0.1468
rsi_264,Annualized Sharpe (Rf=0%),0.4444,0.4151,0.3047,0.386,0.4448,0.4644,0.5963,0.6619,0.7692,0.924
adx_dip_14,Annualized Return,0.331,0.1579,0.1685,0.1388,0.1093,0.1067,0.1387,0.0954,0.0829,0.0749
adx_dip_14,Annualized Std Dev,0.7658,0.2909,0.3093,0.2268,0.2154,0.2148,0.241,0.2052,0.1973,0.1915
adx_dip_14,Annualized Sharpe (Rf=0%),0.4322,0.5427,0.5447,0.6118,0.5075,0.4966,0.5757,0.4646,0.42,0.3912
adx_din_14,Annualized Return,0.1175,0.0935,0.1098,0.1013,0.132,0.1195,0.1102,0.1402,0.2112,0.2638
adx_din_14,Annualized Std Dev,0.247,0.2098,0.227,0.213,0.2216,0.2209,0.2213,0.2292,0.6937,0.4574
adx_din_14,Annualized Sharpe (Rf=0%),0.4755,0.4456,0.4837,0.4757,0.5958,0.5408,0.4981,0.6115,0.3045,0.5768
adx_dx_14,Annualized Return,0.113,0.1276,0.1021,0.116,0.1352,0.0954,0.1159,0.1189,0.2468,0.2316
adx_dx_14,Annualized Std Dev,0.218,0.2094,0.2117,0.2147,0.2821,0.2118,0.2096,0.222,0.734,0.3855
adx_dx_14,Annualized Sharpe (Rf=0%),0.5182,0.6093,0.482,0.5401,0.4793,0.4503,0.5528,0.5354,0.3363,0.6008
adx_adx_14,Annualized Return,0.1116,0.1584,0.1041,0.1151,0.1143,0.1281,0.1396,0.1822,0.1748,0.1699
adx_adx_14,Annualized Std Dev,0.2167,0.2863,0.2077,0.2039,0.2154,0.2466,0.2882,0.6912,0.3405,0.2862
adx_adx_14,Annualized Sharpe (Rf=0%),0.5148,0.5533,0.501,0.5646,0.5305,0.5193,0.4844,0.2635,0.5133,0.5934
adx_dip_66,Annualized Return,0.3149,0.1276,0.1024,0.1288,0.1408,0.1045,0.131,0.1185,0.1115,0.1153
adx_dip_66,Annualized Std Dev,0.7658,0.2722,0.2362,0.279,0.2982,0.2143,0.2384,0.1919,0.1876,0.1829
adx_dip_66,Annualized Sharpe (Rf=0%),0.4111,0.4689,0.4335,0.4615,0.4721,0.4875,0.5495,0.6172,0.5943,0.6303
adx_din_66,Annualized Return,0.1543,0.1674,0.1399,0.1107,0.0992,0.1546,0.1095,0.1879,0.1361,0.1262
adx_din_66,Annualized Std Dev,0.2468,0.2418,0.2133,0.2059,0.2094,0.3137,0.2345,0.7221,0.3165,0.2734
adx_din_66,Annualized Sharpe (Rf=0%),0.6255,0.6922,0.6556,0.5373,0.4739,0.4927,0.4671,0.2602,0.4301,0.4618
adx_dx_66,Annualized Return,0.1271,0.1309,0.0767,0.0927,0.1094,0.1067,0.1672,0.1422,0.1573,0.2887
adx_dx_66,Annualized Std Dev,0.2326,0.2849,0.2096,0.2002,0.2001,0.2163,0.3216,0.2331,0.272,0.7538
adx_dx_66,Annualized Sharpe (Rf=0%),0.5464,0.4596,0.3659,0.463,0.5467,0.4934,0.52,0.6101,0.5784,0.3831
adx_adx_66,Annualized Return,0.1341,0.0916,0.1852,0.0926,0.0965,0.1389,0.0912,0.1217,0.1655,0.2873
adx_adx_66,Annualized Std Dev,0.2354,0.1968,0.3564,0.2007,0.2099,0.2526,0.2219,0.2331,0.3054,0.7174
adx_adx_66,Annualized Sharpe (Rf=0%),0.5697,0.4653,0.5195,0.4611,0.4595,0.55,0.4109,0.5223,0.5419,0.4004
cci_5,Annualized Return,0.2459,0.2499,0.2187,0.1229,0.1122,0.0889,0.1124,0.1043,0.0695,0.0763
cci_5,Annualized Std Dev,0.3504,0.3883,0.6945,0.2253,0.2226,0.2158,0.2522,0.2147,0.2036,0.2268
cci_5,Annualized Sharpe (Rf=0%),0.7017,0.6437,0.315,0.5455,0.5042,0.412,0.4457,0.4858,0.3412,0.3366
cci_10,Annualized Return,0.2837,0.2906,0.1156,0.1399,0.1186,0.1263,0.0913,0.0987,0.0641,0.079
cci_10,Annualized Std Dev,0.3347,0.761,0.2349,0.2612,0.2227,0.2255,0.2123,0.2098,0.1982,0.2224
cci_10,Annualized Sharpe (Rf=0%),0.8476,0.3819,0.492,0.5355,0.5324,0.5602,0.4302,0.4703,0.3233,0.3553
cci_22,Annualized Return,0.3813,0.2184,0.1178,0.1185,0.1236,0.1188,0.1088,0.0892,0.0518,0.0821
cci_22,Annualized Std Dev,0.7673,0.3623,0.2399,0.2277,0.2279,0.2579,0.2092,0.2041,0.1911,0.1839
cci_22,Annualized Sharpe (Rf=0%),0.4969,0.6029,0.4912,0.5202,0.5423,0.4605,0.5201,0.4369,0.2709,0.4465
cci_66,Annualized Return,0.2343,0.2316,0.1621,0.1239,0.1181,0.1157,0.0979,0.1202,0.0949,0.0862
cci_66,Annualized Std Dev,0.4229,0.7369,0.3225,0.2472,0.2226,0.212,0.2015,0.1919,0.1785,0.1874
cci_66,Annualized Sharpe (Rf=0%),0.554,0.3142,0.5025,0.5011,0.5305,0.5457,0.4858,0.6262,0.5316,0.4598
cci_132,Annualized Return,0.1787,0.2559,0.0985,0.1104,0.1395,0.1033,0.1363,0.1206,0.126,0.1084
cci_132,Annualized Std Dev,0.3795,0.7832,0.2554,0.2541,0.2689,0.2125,0.1996,0.182,0.1683,0.1673
cci_132,Annualized Sharpe (Rf=0%),0.4709,0.3267,0.3855,0.4344,0.5189,0.4861,0.6828,0.6628,0.7484,0.6479
cci_264,Annualized Return,0.1988,0.1662,0.0965,0.1067,0.1195,0.1195,0.121,0.1366,0.1581,0.1469
cci_264,Annualized Std Dev,0.7384,0.4008,0.3254,0.2627,0.2405,0.2124,0.1837,0.1816,0.2034,0.1807
cci_264,Annualized Sharpe (Rf=0%),0.2692,0.4147,0.2967,0.4063,0.4966,0.5629,0.6588,0.7518,0.7773,0.8129
obv,Annualized Return,0.1123,0.1422,0.1422,0.166,0.1486,0.2474,0.1415,0.0964,0.1248,0.0747
obv,Annualized Std Dev,0.3239,0.3332,0.2296,0.2203,0.1989,0.7046,0.2536,0.2042,0.3076,0.2118
obv,Annualized Sharpe (Rf=0%),0.3467,0.4267,0.6195,0.7535,0.7468,0.3512,0.5579,0.4721,0.4059,0.3529
sar,Annualized Return,0.4452,0.1206,0.1238,0.1162,0.1299,0.0996,0.0877,0.1044,0.0727,0.0916
sar,Annualized Std Dev,0.856,0.2642,0.215,0.192,0.1848,0.1673,0.1749,0.1901,0.2091,0.3202
sar,Annualized Sharpe (Rf=0%),0.5201,0.4564,0.5758,0.6053,0.7031,0.5953,0.5012,0.5493,0.3476,0.2859
wpr_5,Annualized Return,0.029,0.065,0.0808,0.0886,0.1311,0.08,0.1228,0.2152,0.3199,0.2838
wpr_5,Annualized Std Dev,0.1686,0.1903,0.193,0.211,0.2156,0.2211,0.2338,0.3102,0.7357,0.4137
wpr_5,Annualized Sharpe (Rf=0%),0.1723,0.3416,0.4189,0.4199,0.6079,0.3619,0.5251,0.6935,0.4349,0.6859
wpr_10,Annualized Return,0.029,0.065,0.0808,0.0886,0.1311,0.08,0.1228,0.2152,0.3199,0.2838
wpr_10,Annualized Std Dev,0.1686,0.1903,0.193,0.211,0.2156,0.2211,0.2338,0.3102,0.7357,0.4137
wpr_10,Annualized Sharpe (Rf=0%),0.1723,0.3416,0.4189,0.4199,0.6079,0.3619,0.5251,0.6935,0.4349,0.6859
wpr_22,Annualized Return,0.029,0.065,0.0808,0.0886,0.1311,0.08,0.1228,0.2152,0.3199,0.2838
wpr_22,Annualized Std Dev,0.1686,0.1903,0.193,0.211,0.2156,0.2211,0.2338,0.3102,0.7357,0.4137
wpr_22,Annualized Sharpe (Rf=0%),0.1723,0.3416,0.4189,0.4199,0.6079,0.3619,0.5251,0.6935,0.4349,0.6859
wpr_66,Annualized Return,0.029,0.065,0.0808,0.0886,0.1311,0.08,0.1228,0.2152,0.3199,0.2838
wpr_66,Annualized Std Dev,0.1686,0.1903,0.193,0.211,0.2156,0.2211,0.2338,0.3102,0.7357,0.4137
wpr_66,Annualized Sharpe (Rf=0%),0.1723,0.3416,0.4189,0.4199,0.6079,0.3619,0.5251,0.6935,0.4349,0.6859
wpr_132,Annualized Return,0.029,0.065,0.0808,0.0886,0.1311,0.08,0.1228,0.2152,0.3199,0.2838
wpr_132,Annualized Std Dev,0.1686,0.1903,0.193,0.211,0.2156,0.2211,0.2338,0.3102,0.7357,0.4137
wpr_132,Annualized Sharpe (Rf=0%),0.1723,0.3416,0.4189,0.4199,0.6079,0.3619,0.5251,0.6935,0.4349,0.6859
wpr_264,Annualized Return,0.029,0.065,0.0808,0.0886,0.1311,0.08,0.1228,0.2152,0.3199,0.2838
wpr_264,Annualized Std Dev,0.1686,0.1903,0.193,0.211,0.2156,0.2211,0.2338,0.3102,0.7357,0.4137
wpr_264,Annualized Sharpe (Rf=0%),0.1723,0.3416,0.4189,0.4199,0.6079,0.3619,0.5251,0.6935,0.4349,0.6859
wpr_528,Annualized Return,0.029,0.065,0.0808,0.0886,0.1311,0.08,0.1228,0.2152,0.3199,0.2838
wpr_528,Annualized Std Dev,0.1686,0.1903,0.193,0.211,0.2156,0.2211,0.2338,0.3102,0.7357,0.4137
wpr_528,Annualized Sharpe (Rf=0%),0.1723,0.3416,0.4189,0.4199,0.6079,0.3619,0.5251,0.6935,0.4349,0.6859
aroon_oscillator_264,Annualized Return,0.207,0.1099,0.1961,0.0983,0.1176,0.096,0.1186,0.156,0.1359,0.1347
aroon_oscillator_264,Annualized Std Dev,0.474,0.3027,0.7707,0.2365,0.2199,0.2041,0.1904,0.1928,0.1734,0.1556
aroon_oscillator_264,Annualized Sharpe (Rf=0%),0.4367,0.3632,0.2544,0.4155,0.5348,0.4703,0.6226,0.8093,0.7838,0.8655
close_above_sma200,Annualized Return,0.4337,0.0537,0.0683,0.0885,0.1004,0.0948,0.1142,0.1352,0.1318,0.1517
close_above_sma200,Annualized Std Dev,0.9092,0.2948,0.2383,0.2078,0.1856,0.1724,0.1624,0.1657,0.1757,0.2322
close_above_sma200,Annualized Sharpe (Rf=0%),0.477,0.1821,0.2868,0.426,0.541,0.5497,0.7029,0.8158,0.7506,0.6531
close_above_sma100,Annualized Return,0.413,0.1048,0.0919,0.0998,0.0949,0.0997,0.1119,0.1191,0.1196,0.1203
close_above_sma100,Annualized Std Dev,0.8907,0.294,0.2321,0.2004,0.1849,0.1751,0.1713,0.1772,0.1745,0.2428
close_above_sma100,Annualized Sharpe (Rf=0%),0.4637,0.3564,0.3961,0.4979,0.5134,0.5695,0.6533,0.6724,0.6852,0.4953
close_above_sma50,Annualized Return,0.4555,0.108,0.1013,0.1065,0.1075,0.1086,0.1189,0.1031,0.0968,0.0851
close_above_sma50,Annualized Std Dev,0.879,0.2792,0.224,0.1983,0.1842,0.1771,0.1717,0.1757,0.1906,0.2627
close_above_sma50,Annualized Sharpe (Rf=0%),0.5182,0.387,0.4525,0.537,0.5837,0.6133,0.6925,0.5869,0.5076,0.3239
close_above_sma22,Annualized Return,0.4746,0.0953,0.1603,0.1124,0.1111,0.1038,0.1044,0.0921,0.0772,0.0735
close_above_sma22,Annualized Std Dev,0.8491,0.2572,0.2161,0.2031,0.187,0.1784,0.1754,0.1881,0.2097,0.3023
close_above_sma22,Annualized Sharpe (Rf=0%),0.559,0.3705,0.7416,0.5535,0.5944,0.5817,0.595,0.4897,0.3683,0.243
ema_above_sma200,Annualized Return,0.4033,0.0292,0.0762,0.0973,0.0964,0.111,0.1222,0.1307,0.1495,0.1554
ema_above_sma200,Annualized Std Dev,0.9057,0.2883,0.2417,0.2095,0.1857,0.1723,0.1689,0.1672,0.1799,0.2326
ema_above_sma200,Annualized Sharpe (Rf=0%),0.4453,0.1014,0.3154,0.4643,0.5189,0.6439,0.7235,0.7812,0.8309,0.6683
ema_above_sma100,Annualized Return,0.3391,0.0646,0.1067,0.1166,0.0957,0.1274,0.122,0.115,0.1238,0.1538
ema_above_sma100,Annualized Std Dev,0.8713,0.2813,0.2295,0.2053,0.1823,0.2651,0.1805,0.1743,0.1805,0.245
ema_above_sma100,Annualized Sharpe (Rf=0%),0.3892,0.2298,0.4647,0.5678,0.5252,0.4804,0.6759,0.6599,0.6859,0.6278
close_above_vwap_20,Annualized Return,0.4369,0.1228,0.13,0.1354,0.1235,0.1161,0.1141,0.0999,0.0776,0.0425
close_above_vwap_20,Annualized Std Dev,0.8516,0.2552,0.219,0.2074,0.1811,0.1828,0.214,0.1851,0.2043,0.2599
close_above_vwap_20,Annualized Sharpe (Rf=0%),0.513,0.4811,0.5936,0.653,0.6817,0.6353,0.533,0.5397,0.3796,0.1634
close_above_vwap_50,Annualized Return,0.4367,0.0994,0.108,0.1177,0.1062,0.1193,0.1199,0.1016,0.0905,0.09
close_above_vwap_50,Annualized Std Dev,0.8772,0.2786,0.2317,0.2029,0.1856,0.1744,0.1729,0.1748,0.1871,0.2419
close_above_vwap_50,Annualized Sharpe (Rf=0%),0.4979,0.3568,0.4662,0.58,0.5721,0.6843,0.6937,0.5812,0.4837,0.3719
close_above_vwap_100,Annualized Return,0.3733,0.0965,0.099,0.1024,0.1105,0.103,0.125,0.1218,0.118,0.1203
close_above_vwap_100,Annualized Std Dev,0.8802,0.3209,0.24,0.2021,0.1863,0.1719,0.1723,0.1716,0.1756,0.2209
close_above_vwap_100,Annualized Sharpe (Rf=0%),0.4241,0.3006,0.4124,0.5067,0.593,0.5993,0.7257,0.7099,0.672,0.5445
close_above_vwap_200,Annualized Return,0.4182,0.0481,0.061,0.09,0.099,0.1112,0.1225,0.127,0.1363,0.1593
close_above_vwap_200,Annualized Std Dev,0.9065,0.3035,0.2392,0.2112,0.1839,0.1763,0.1666,0.1617,0.1711,0.2082
close_above_vwap_200,Annualized Sharpe (Rf=0%),0.4613,0.1585,0.2548,0.4259,0.5386,0.6308,0.7356,0.7854,0.7966,0.765
lm_cf2_5,Annualized Return,0.5069,0.1123,0.1355,0.12,0.1018,0.0805,0.0931,0.0626,0.0946,0.1102
lm_cf2_5,Annualized Std Dev,0.8515,0.2477,0.2227,0.1961,0.1817,0.1767,0.1817,0.1887,0.2112,0.2952
lm_cf2_5,Annualized Sharpe (Rf=0%),0.5953,0.4533,0.6084,0.6119,0.56,0.4554,0.5128,0.3319,0.4478,0.3733
lm_r2_5,Annualized Return,0.1283,0.1084,0.1478,0.1095,0.1468,0.1893,0.1002,0.1883,0.1151,0.1678
lm_r2_5,Annualized Std Dev,0.2162,0.2128,0.3067,0.2151,0.2148,0.288,0.2111,0.6899,0.2206,0.3804
lm_r2_5,Annualized Sharpe (Rf=0%),0.5934,0.5094,0.4819,0.5092,0.6831,0.6574,0.4745,0.273,0.5218,0.441
lm_std1_5,Annualized Return,0.0766,0.0826,0.1067,0.114,0.1076,0.1106,0.1107,0.1072,0.1429,0.4426
lm_std1_5,Annualized Std Dev,0.1341,0.1618,0.175,0.1884,0.1974,0.2068,0.2162,0.2488,0.295,0.8756
lm_std1_5,Annualized Sharpe (Rf=0%),0.5716,0.5107,0.61,0.6048,0.545,0.535,0.5123,0.4306,0.4843,0.5055
lm_std2_5,Annualized Return,0.0845,0.0975,0.113,0.0987,0.112,0.1127,0.1091,0.0838,0.1525,0.4306
lm_std2_5,Annualized Std Dev,0.1224,0.1555,0.1724,0.1834,0.1964,0.2164,0.2332,0.2485,0.3535,0.8551
lm_std2_5,Annualized Sharpe (Rf=0%),0.6902,0.6267,0.6554,0.5384,0.57,0.5208,0.4677,0.3374,0.4315,0.5036
lm_cf2_10,Annualized Return,0.4475,0.0953,0.12,0.1136,0.1101,0.1014,0.0951,0.1144,0.0869,0.1157
lm_cf2_10,Annualized Std Dev,0.841,0.2498,0.2087,0.1939,0.184,0.1759,0.184,0.1942,0.2149,0.3205
lm_cf2_10,Annualized Sharpe (Rf=0%),0.5321,0.3814,0.5749,0.586,0.5985,0.5766,0.517,0.5892,0.4045,0.3609
lm_r2_10,Annualized Return,0.1081,0.1168,0.1264,0.118,0.1421,0.0984,0.2507,0.0981,0.1286,0.2194
lm_r2_10,Annualized Std Dev,0.2175,0.2087,0.2222,0.2139,0.2539,0.2094,0.4069,0.2099,0.2193,0.718
lm_r2_10,Annualized Sharpe (Rf=0%),0.497,0.5599,0.5689,0.5513,0.5598,0.47,0.6161,0.4674,0.5862,0.3056
lm_std1_10,Annualized Return,0.0835,0.0895,0.0991,0.1034,0.0945,0.1124,0.1334,0.1261,0.2069,0.3303
lm_std1_10,Annualized Std Dev,0.1243,0.1587,0.1642,0.1737,0.1874,0.2071,0.2266,0.268,0.7233,0.5909
lm_std1_10,Annualized Sharpe (Rf=0%),0.6713,0.5639,0.6035,0.5951,0.5041,0.5427,0.5887,0.4704,0.286,0.5589
lm_std2_10,Annualized Return,0.0851,0.1035,0.1159,0.1133,0.0983,0.1109,0.1032,0.1011,0.13,0.4222
lm_std2_10,Annualized Std Dev,0.1033,0.1445,0.1642,0.1792,0.1927,0.2159,0.2429,0.2654,0.3138,0.8798
lm_std2_10,Annualized Sharpe (Rf=0%),0.8241,0.7158,0.7059,0.6322,0.5101,0.5138,0.4248,0.381,0.4143,0.4799
lm_cf2_22,Annualized Return,0.4215,0.0923,0.1199,0.1285,0.1393,0.1101,0.1101,0.1099,0.0923,0.0706
lm_cf2_22,Annualized Std Dev,0.8521,0.258,0.2208,0.2089,0.1869,0.1784,0.1813,0.1895,0.2074,0.2672
lm_cf2_22,Annualized Sharpe (Rf=0%),0.4946,0.3577,0.5431,0.6151,0.745,0.6171,0.6075,0.5799,0.445,0.2643
lm_r2_22,Annualized Return,0.1409,0.1184,0.1369,0.1447,0.1079,0.1219,0.1145,0.2277,0.1383,0.1481
lm_r2_22,Annualized Std Dev,0.2348,0.2171,0.2195,0.2251,0.2077,0.2468,0.2606,0.7161,0.3113,0.301
lm_r2_22,Annualized Sharpe (Rf=0%),0.5999,0.5455,0.6238,0.6427,0.5193,0.4941,0.4395,0.3179,0.4442,0.492
lm_std1_22,Annualized Return,0.0828,0.0888,0.0974,0.1155,0.1016,0.1219,0.1148,0.1411,0.1856,0.3233
lm_std1_22,Annualized Std Dev,0.1206,0.1562,0.1621,0.1733,0.187,0.2059,0.2267,0.2697,0.7224,0.5999
lm_std1_22,Annualized Sharpe (Rf=0%),0.6871,0.5688,0.601,0.6664,0.5434,0.592,0.5064,0.5231,0.2569,0.5389
lm_std2_22,Annualized Return,0.0802,0.111,0.1064,0.1096,0.1183,0.1083,0.105,0.0927,0.1816,0.3483
lm_std2_22,Annualized Std Dev,0.0973,0.1425,0.1605,0.1759,0.1982,0.2141,0.2372,0.2729,0.376,0.8706
lm_std2_22,Annualized Sharpe (Rf=0%),0.8244,0.7791,0.6631,0.6228,0.5969,0.5055,0.4426,0.3399,0.483,0.4001
lm_cf2_66,Annualized Return,0.3607,0.0621,0.0939,0.1016,0.1022,0.1166,0.1081,0.1146,0.1703,0.1422
lm_cf2_66,Annualized Std Dev,0.87,0.2678,0.2315,0.2052,0.1879,0.1735,0.1751,0.1735,0.2779,0.244
lm_cf2_66,Annualized Sharpe (Rf=0%),0.4146,0.2318,0.4058,0.4954,0.544,0.672,0.6174,0.6606,0.6128,0.5828
lm_r2_66,Annualized Return,0.0978,0.0936,0.1452,0.095,0.1209,0.1048,0.1036,0.143,0.2844,0.2136
lm_r2_66,Annualized Std Dev,0.2002,0.2167,0.293,0.2086,0.2192,0.219,0.2087,0.2251,0.7414,0.3865
lm_r2_66,Annualized Sharpe (Rf=0%),0.4884,0.432,0.4956,0.4555,0.5516,0.4784,0.4962,0.6352,0.3836,0.5526
lm_std1_66,Annualized Return,0.0844,0.0991,0.1159,0.1038,0.1228,0.1011,0.1225,0.1256,0.1045,0.4012
lm_std1_66,Annualized Std Dev,0.1232,0.1485,0.1581,0.1713,0.1875,0.2028,0.2335,0.2687,0.303,0.8887
lm_std1_66,Annualized Sharpe (Rf=0%),0.6855,0.6671,0.7335,0.6057,0.6551,0.4983,0.5248,0.4675,0.3451,0.4514
lm_std2_66,Annualized Return,0.0834,0.1096,0.1161,0.1144,0.1129,0.1141,0.1066,0.092,0.1385,0.3774
lm_std2_66,Annualized Std Dev,0.0977,0.1386,0.1577,0.1735,0.1904,0.2125,0.2387,0.2748,0.3238,0.8906
lm_std2_66,Annualized Sharpe (Rf=0%),0.8532,0.7909,0.7367,0.6594,0.593,0.537,0.4465,0.3348,0.4277,0.4238
lm_cf2_132,Annualized Return,0.3633,0.0472,0.1043,0.1045,0.1064,0.1047,0.122,0.1182,0.1355,0.1606
lm_cf2_132,Annualized Std Dev,0.8981,0.2747,0.2421,0.2054,0.1843,0.1717,0.1738,0.1721,0.1863,0.2471
lm_cf2_132,Annualized Sharpe (Rf=0%),0.4045,0.1717,0.4308,0.509,0.5774,0.6096,0.7017,0.6869,0.727,0.65
lm_r2_132,Annualized Return,0.0956,0.1012,0.0923,0.1521,0.0979,0.12,0.1082,0.1576,0.1395,0.3386
lm_r2_132,Annualized Std Dev,0.2046,0.2027,0.2041,0.3057,0.2192,0.2172,0.2578,0.2957,0.2313,0.7658
lm_r2_132,Annualized Sharpe (Rf=0%),0.4674,0.4993,0.4522,0.4976,0.4468,0.5524,0.4196,0.5331,0.6033,0.4421
lm_std1_132,Annualized Return,0.081,0.1079,0.1164,0.1136,0.1096,0.1147,0.1037,0.1094,0.2409,0.2708
lm_std1_132,Annualized Std Dev,0.1207,0.1472,0.1644,0.1712,0.1786,0.2084,0.2317,0.26,0.7469,0.5681
lm_std1_132,Annualized Sharpe (Rf=0%),0.6716,0.7335,0.7079,0.6636,0.6137,0.5505,0.4475,0.4208,0.3226,0.4766
lm_std2_132,Annualized Return,0.0844,0.1035,0.1101,0.1247,0.128,0.1245,0.098,0.0942,0.1342,0.3594
lm_std2_132,Annualized Std Dev,0.0982,0.1363,0.1558,0.1709,0.1897,0.219,0.2321,0.2816,0.3634,0.8704
lm_std2_132,Annualized Sharpe (Rf=0%),0.8602,0.7596,0.7066,0.7297,0.6748,0.5686,0.4221,0.3346,0.3693,0.4129
lm_cf2_264,Annualized Return,0.3832,0.0374,0.0909,0.0859,0.1153,0.1095,0.119,0.1347,0.1432,0.1443
lm_cf2_264,Annualized Std Dev,0.9065,0.287,0.2348,0.2091,0.1868,0.1683,0.1658,0.1663,0.1822,0.248
lm_cf2_264,Annualized Sharpe (Rf=0%),0.4227,0.1304,0.3871,0.411,0.6173,0.6505,0.7176,0.8101,0.7861,0.5818
lm_r2_264,Annualized Return,0.0816,0.0988,0.103,0.0973,0.0956,0.1317,0.2106,0.1643,0.1739,0.2407
lm_r2_264,Annualized Std Dev,0.1969,0.2056,0.2055,0.2017,0.2053,0.256,0.6996,0.3037,0.338,0.3614
lm_r2_264,Annualized Sharpe (Rf=0%),0.4145,0.4804,0.5012,0.4823,0.4657,0.5144,0.301,0.5408,0.5146,0.6659
lm_std1_264,Annualized Return,0.0905,0.0804,0.1019,0.0992,0.1203,0.1247,0.1176,0.1131,0.146,0.3835
lm_std1_264,Annualized Std Dev,0.1194,0.1461,0.1644,0.1686,0.1842,0.2048,0.2334,0.2623,0.3385,0.8825
lm_std1_264,Annualized Sharpe (Rf=0%),0.7576,0.5501,0.6199,0.5885,0.6528,0.6089,0.5039,0.431,0.4314,0.4346
lm_std2_264,Annualized Return,0.0785,0.0957,0.1073,0.1196,0.1231,0.1127,0.0979,0.1005,0.1677,0.354
lm_std2_264,Annualized Std Dev,0.0959,0.137,0.154,0.1747,0.19,0.2155,0.2365,0.2705,0.3576,0.8883
lm_std2_264,Annualized Sharpe (Rf=0%),0.8182,0.6988,0.6964,0.6846,0.6478,0.523,0.4139,0.3714,0.4691,0.3985
sharpe_5,Annualized Return,0.3049,0.2453,0.1241,0.1668,0.1301,0.1041,0.0832,0.0788,0.1014,0.0658
sharpe_5,Annualized Std Dev,0.7232,0.4231,0.2334,0.2958,0.2197,0.2141,0.2078,0.1988,0.2126,0.1869
sharpe_5,Annualized Sharpe (Rf=0%),0.4216,0.5797,0.5319,0.5639,0.5923,0.4861,0.4005,0.3964,0.4767,0.3518
sharpe_10,Annualized Return,0.4009,0.1524,0.1317,0.1517,0.1128,0.1195,0.0917,0.096,0.1013,0.055
sharpe_10,Annualized Std Dev,0.7961,0.2481,0.2333,0.26,0.2238,0.2204,0.2051,0.2117,0.242,0.1902
sharpe_10,Annualized Sharpe (Rf=0%),0.5036,0.6142,0.5646,0.5835,0.5039,0.5421,0.447,0.4535,0.4188,0.289
sharpe_22,Annualized Return,0.3693,0.1707,0.1578,0.1369,0.1367,0.1054,0.101,0.0948,0.0783,0.0558
sharpe_22,Annualized Std Dev,0.8003,0.2899,0.2755,0.2302,0.2263,0.2149,0.2063,0.198,0.1936,0.1712
sharpe_22,Annualized Sharpe (Rf=0%),0.4615,0.5887,0.5729,0.5945,0.6042,0.4906,0.4895,0.4788,0.4046,0.3256
sharpe_66,Annualized Return,0.3182,0.1335,0.1249,0.0921,0.1197,0.1264,0.1069,0.1429,0.1053,0.1128
sharpe_66,Annualized Std Dev,0.8147,0.2767,0.3131,0.2261,0.2349,0.216,0.1974,0.2257,0.1739,0.1608
sharpe_66,Annualized Sharpe (Rf=0%),0.3906,0.4825,0.3988,0.4072,0.5096,0.585,0.5414,0.633,0.6055,0.7011
sharpe_132,Annualized Return,0.2868,0.1383,0.113,0.1125,0.0917,0.152,0.1225,0.1055,0.1148,0.1345
sharpe_132,Annualized Std Dev,0.8176,0.3754,0.2488,0.2418,0.2148,0.2382,0.1914,0.1778,0.1729,0.161
sharpe_132,Annualized Sharpe (Rf=0%),0.3508,0.3684,0.4544,0.4653,0.427,0.6381,0.6402,0.5932,0.6638,0.8351
sharpe_264,Annualized Return,0.3597,0.119,0.0784,0.0903,0.0935,0.1219,0.1115,0.1514,0.1212,0.1274
sharpe_264,Annualized Std Dev,0.8713,0.3121,0.2512,0.2311,0.2108,0.199,0.1838,0.174,0.1624,0.1611
sharpe_264,Annualized Sharpe (Rf=0%),0.4128,0.3815,0.3123,0.3909,0.4436,0.6124,0.6069,0.8697,0.7463,0.7904
q1_close_divergence_100,Annualized Return,0.3039,0.1305,0.1071,0.1044,0.1063,0.1169,0.0972,0.1404,0.1682,0.1143
q1_close_divergence_100,Annualized Std Dev,0.7681,0.2084,0.2001,0.2385,0.2016,0.2793,0.2088,0.2228,0.2839,0.295
q1_close_divergence_100,Annualized Sharpe (Rf=0%),0.3957,0.6262,0.5353,0.4379,0.5271,0.4187,0.4656,0.6298,0.5924,0.3876
q25_close_divergence_50,Annualized Return,0.4517,0.0936,0.1294,0.1165,0.1073,0.1018,0.102,0.0914,0.1279,0.0844
q25_close_divergence_50,Annualized Std Dev,0.8394,0.2408,0.2176,0.1897,0.1879,0.1813,0.1873,0.1957,0.2443,0.2852
q25_close_divergence_50,Annualized Sharpe (Rf=0%),0.5382,0.3886,0.5945,0.6142,0.5713,0.5615,0.5444,0.4671,0.5234,0.2959
q25_close_divergence_100,Annualized Return,0.443,0.0804,0.0989,0.1046,0.1013,0.1066,0.1064,0.1199,0.1222,0.1108
q25_close_divergence_100,Annualized Std Dev,0.8701,0.2571,0.212,0.2016,0.1864,0.1833,0.1884,0.1871,0.2058,0.2588
q25_close_divergence_100,Annualized Sharpe (Rf=0%),0.5091,0.3126,0.4663,0.5191,0.5432,0.5814,0.5647,0.6406,0.5939,0.4282
q50_close_divergence_50,Annualized Return,0.4811,0.093,0.1125,0.105,0.1306,0.1038,0.0992,0.1057,0.0852,0.0856
q50_close_divergence_50,Annualized Std Dev,0.8705,0.2672,0.2268,0.2021,0.1873,0.1783,0.1766,0.1811,0.1894,0.2609
q50_close_divergence_50,Annualized Sharpe (Rf=0%),0.5526,0.348,0.4959,0.5194,0.6974,0.5821,0.5621,0.5835,0.4496,0.3279
q50_close_divergence_100,Annualized Return,0.4308,0.0894,0.1006,0.0937,0.1003,0.0966,0.1147,0.1198,0.1146,0.1226
q50_close_divergence_100,Annualized Std Dev,0.887,0.2826,0.2286,0.204,0.1816,0.1779,0.1749,0.1792,0.1757,0.2464
q50_close_divergence_100,Annualized Sharpe (Rf=0%),0.4857,0.3165,0.4402,0.4593,0.5521,0.5431,0.6556,0.6684,0.6523,0.4976
q75_close_divergence_50,Annualized Return,0.4406,0.1158,0.1105,0.1116,0.1234,0.1169,0.1012,0.1045,0.0787,0.079
q75_close_divergence_50,Annualized Std Dev,0.8872,0.2869,0.2419,0.2071,0.1947,0.1828,0.1694,0.169,0.1701,0.2365
q75_close_divergence_50,Annualized Sharpe (Rf=0%),0.4967,0.4038,0.4569,0.5386,0.6338,0.6396,0.5977,0.6183,0.4624,0.3339
q75_close_divergence_100,Annualized Return,0.4429,0.0767,0.0707,0.1164,0.098,0.11,0.1193,0.1145,0.1177,0.1146
q75_close_divergence_100,Annualized Std Dev,0.8943,0.2995,0.2376,0.2196,0.1902,0.1789,0.1675,0.1614,0.1621,0.221
q75_close_divergence_100,Annualized Sharpe (Rf=0%),0.4953,0.256,0.2975,0.5301,0.5152,0.615,0.7124,0.7097,0.7261,0.5184
q99_close_divergence_100,Annualized Return,0.4506,0.0439,0.0831,0.119,0.1215,0.1283,0.126,0.1232,0.1022,0.0754
q99_close_divergence_100,Annualized Std Dev,0.9055,0.3046,0.2618,0.2284,0.206,0.1851,0.1713,0.1581,0.1421,0.1394
q99_close_divergence_100,Annualized Sharpe (Rf=0%),0.4977,0.1443,0.3175,0.521,0.5898,0.693,0.7354,0.7795,0.7193,0.5407
ath_22,Annualized Return,0.4548,0.138,0.112,0.1349,0.1187,0.1261,0.1048,0.093,0.067,0.0384
ath_22,Annualized Std Dev,0.8865,0.3124,0.2525,0.2346,0.2085,0.1961,0.1775,0.1597,0.148,0.1216
ath_22,Annualized Sharpe (Rf=0%),0.513,0.4418,0.4435,0.575,0.5694,0.6431,0.5907,0.5821,0.4527,0.3157
ath_44,Annualized Return,0.446,0.104,0.1145,0.1348,0.1108,0.1139,0.1236,0.1078,0.0744,0.0506
ath_44,Annualized Std Dev,0.8974,0.3134,0.2586,0.2297,0.2023,0.1939,0.1733,0.1618,0.1468,0.1188
ath_44,Annualized Sharpe (Rf=0%),0.497,0.3319,0.443,0.5869,0.5477,0.5872,0.7134,0.666,0.5071,0.4259
ath_66,Annualized Return,0.4235,0.0742,0.114,0.1276,0.1264,0.1141,0.123,0.1199,0.09,0.0586
ath_66,Annualized Std Dev,0.9021,0.313,0.2662,0.2315,0.2044,0.1913,0.1754,0.1603,0.1426,0.1176
ath_66,Annualized Sharpe (Rf=0%),0.4695,0.2372,0.4282,0.5512,0.6183,0.5968,0.7015,0.7478,0.6307,0.4979
ath_88,Annualized Return,0.4443,0.0535,0.1049,0.1197,0.1186,0.1225,0.1271,0.1234,0.0927,0.0663
ath_88,Annualized Std Dev,0.9058,0.3063,0.2742,0.2326,0.208,0.1795,0.1758,0.1595,0.1418,0.1166
ath_88,Annualized Sharpe (Rf=0%),0.4905,0.1746,0.3828,0.5147,0.5702,0.6827,0.7229,0.7737,0.654,0.5685
ath_110,Annualized Return,0.4432,0.047,0.0932,0.1135,0.1243,0.1324,0.1232,0.1236,0.1002,0.0697
ath_110,Annualized Std Dev,0.9097,0.3142,0.2752,0.2327,0.2059,0.1841,0.172,0.1565,0.1433,0.1161
ath_110,Annualized Sharpe (Rf=0%),0.4872,0.1497,0.3385,0.4876,0.6037,0.7192,0.716,0.7898,0.6995,0.6004
ath_132,Annualized Return,0.4309,0.0635,0.0778,0.1078,0.1288,0.1298,0.1272,0.1236,0.1057,0.0697
ath_132,Annualized Std Dev,0.9126,0.3204,0.2702,0.2367,0.2046,0.1878,0.1738,0.1524,0.1425,0.1144
ath_132,Annualized Sharpe (Rf=0%),0.4722,0.1983,0.2879,0.4553,0.6294,0.6913,0.7322,0.8112,0.7416,0.6091
ath_154,Annualized Return,0.42,0.0591,0.0875,0.0974,0.1286,0.1286,0.1325,0.1248,0.1096,0.0742
ath_154,Annualized Std Dev,0.9109,0.3237,0.2727,0.2337,0.2094,0.187,0.1724,0.1539,0.1417,0.1138
ath_154,Annualized Sharpe (Rf=0%),0.461,0.1825,0.321,0.4167,0.6139,0.6876,0.7683,0.8113,0.7737,0.652
ath_176,Annualized Return,0.4339,0.0408,0.0888,0.0899,0.1362,0.1253,0.131,0.1299,0.116,0.0733
ath_176,Annualized Std Dev,0.9129,0.3226,0.2693,0.2317,0.2146,0.1855,0.1694,0.1558,0.1408,0.1139
ath_176,Annualized Sharpe (Rf=0%),0.4753,0.1265,0.3296,0.3881,0.6348,0.6755,0.7732,0.8339,0.824,0.6432
ath_198,Annualized Return,0.4393,0.0317,0.0864,0.0934,0.1364,0.1271,0.1326,0.1278,0.1148,0.0774
ath_198,Annualized Std Dev,0.9123,0.3197,0.2679,0.2349,0.2155,0.1863,0.1691,0.1555,0.1402,0.1128
ath_198,Annualized Sharpe (Rf=0%),0.4815,0.099,0.3224,0.3974,0.633,0.6823,0.7843,0.8217,0.8188,0.6862
ath_220,Annualized Return,0.4412,0.0118,0.0974,0.1014,0.1324,0.1245,0.1313,0.1291,0.1185,0.0809
ath_220,Annualized Std Dev,0.9128,0.308,0.2773,0.2384,0.2135,0.1899,0.1673,0.1538,0.1399,0.1122
ath_220,Annualized Sharpe (Rf=0%),0.4833,0.0384,0.3511,0.4255,0.6199,0.6558,0.7846,0.8394,0.847,0.721
ath_242,Annualized Return,0.4333,0.0143,0.0981,0.095,0.1295,0.1233,0.1357,0.1348,0.1186,0.0845
ath_242,Annualized Std Dev,0.91,0.3094,0.2802,0.2326,0.2146,0.1922,0.1664,0.1544,0.1407,0.1112
ath_242,Annualized Sharpe (Rf=0%),0.4761,0.0463,0.3502,0.4086,0.6033,0.6417,0.8155,0.8733,0.8431,0.7597
ath_264,Annualized Return,0.4278,0.0274,0.0881,0.0981,0.1257,0.1196,0.1337,0.1374,0.1198,0.0866
ath_264,Annualized Std Dev,0.908,0.3158,0.2784,0.2355,0.2151,0.1911,0.1669,0.1538,0.1412,0.1114
ath_264,Annualized Sharpe (Rf=0%),0.4711,0.0868,0.3164,0.4167,0.5841,0.626,0.8008,0.8938,0.8482,0.7776
max_ret,Annualized Return,0.0836,0.1176,0.1048,0.1113,0.1344,0.0986,0.1359,0.1094,0.1612,0.3073
max_ret,Annualized Std Dev,0.1056,0.1487,0.16,0.1813,0.2804,0.2199,0.3147,0.2745,0.334,0.8177
max_ret,Annualized Sharpe (Rf=0%),0.7913,0.7909,0.6549,0.6142,0.4791,0.4485,0.432,0.3986,0.4826,0.3758
dollar_volume,Annualized Return,0.6543,0.202,0.1471,0.1517,0.1482,0.0984,0.0735,0.0586,0.0369,-0.0718
dollar_volume,Annualized Std Dev,0.7942,0.3326,0.2342,0.2261,0.2092,0.2062,0.1956,0.1969,0.1978,0.2004
dollar_volume,Annualized Sharpe (Rf=0%),0.8238,0.6072,0.6281,0.6711,0.7081,0.4771,0.376,0.2977,0.1868,-0.3581
